date,site_id,line,direction,point,top_layer,code_1,code_2,code_3,soil_surface
8/26/2020,OGBA-01,1,0,1,POMO,LITTER,,,S
8/26/2020,OGBA-01,1,0,2,PUNU,SARU,,,S
8/26/2020,OGBA-01,1,0,3,HOJU,DISP,,,S
8/26/2020,OGBA-01,1,0,4,PUNU,DISP,,,S
8/26/2020,OGBA-01,1,0,5,HOJU,DISP,,,S
8/26/2020,OGBA-01,1,0,6,DISP,LITTER,,,S
8/26/2020,OGBA-01,1,0,7,DISP,,,,S
8/26/2020,OGBA-01,1,0,8,NONE,LITTER,,,S
8/26/2020,OGBA-01,1,0,9,DISP,,,,S
8/26/2020,OGBA-01,1,0,10,NONE,,,,S
8/26/2020,OGBA-01,1,0,11,NONE,LITTER,,,S
8/26/2020,OGBA-01,1,0,12,DISP,,,,S
8/26/2020,OGBA-01,1,0,13,NONE,LITTER,,,S
8/26/2020,OGBA-01,1,0,14,DISP,LITTER,,,S
8/26/2020,OGBA-01,1,0,15,DISP,LITTER,,,S
8/26/2020,OGBA-01,1,0,16,DISP,LITTER,,,S
8/26/2020,OGBA-01,1,0,17,NONE,LITTER,,,S
8/26/2020,OGBA-01,1,0,18,NONE,,,,S
8/26/2020,OGBA-01,1,0,19,DISP,,,,S
8/26/2020,OGBA-01,1,0,20,NONE,,,,S
8/26/2020,OGBA-01,1,0,21,NONE,,,,S
8/26/2020,OGBA-01,1,0,22,NONE,,,,S
8/26/2020,OGBA-01,1,0,23,SARU,,,,S
8/26/2020,OGBA-01,1,0,24,NONE,,,,S
8/26/2020,OGBA-01,1,0,25,SARU,,,,S
8/26/2020,OGBA-01,1,0,26,NONE,,,,S
8/26/2020,OGBA-01,1,0,27,DISP,,,,S
8/26/2020,OGBA-01,1,0,28,DISP,LITTER,,,S
8/26/2020,OGBA-01,1,0,29,DISP,,,,S
8/26/2020,OGBA-01,1,0,30,DISP,,,,S
8/26/2020,OGBA-01,1,0,31,DISP,LITTER,,,S
8/26/2020,OGBA-01,1,0,31,DISP,LITTER,,,S
8/26/2020,OGBA-01,1,0,33,DISP,LITTER,,,S
8/26/2020,OGBA-01,1,0,34,DISP,LITTER,,,S
8/26/2020,OGBA-01,1,0,35,DISP,LITTER,,,S
8/26/2020,OGBA-01,1,0,36,PUNU,,,,S
8/26/2020,OGBA-01,1,0,37,NONE,,,,S
8/26/2020,OGBA-01,1,0,38,NONE,,,,S
8/26/2020,OGBA-01,1,0,39,SARU,,,,S
8/26/2020,OGBA-01,1,0,40,SARU,,,,S
8/26/2020,OGBA-01,1,0,41,NONE,,,,S
8/26/2020,OGBA-01,1,0,42,SARU,,,,S
8/26/2020,OGBA-01,1,0,43,SARU,,,,S
8/26/2020,OGBA-01,1,0,44,NONE,,,,S
8/26/2020,OGBA-01,1,0,45,NONE,,,,S
8/26/2020,OGBA-01,1,0,46,SARU,,,,S
8/26/2020,OGBA-01,1,0,47,SARU,,,,S
8/26/2020,OGBA-01,1,0,48,SARU,,,,S
8/26/2020,OGBA-01,1,0,49,NONE,,,,S
8/26/2020,OGBA-01,1,0,50,NONE,,,,S
8/26/2020,OGBA-01,2,120,1,PHRAG,HOJU,LITTER,,S
8/26/2020,OGBA-01,2,120,2,PHRAG,DISP,LITTER,,S
8/26/2020,OGBA-01,2,120,3,DISP,LITTER,,,S
8/26/2020,OGBA-01,2,120,4,DISP,LITTER,,,S
8/26/2020,OGBA-01,2,120,5,DISP,LITTER,,,S
8/26/2020,OGBA-01,2,120,6,NONE,LITTER,,,S
8/26/2020,OGBA-01,2,120,7,PHRAG,,,,S
8/26/2020,OGBA-01,2,120,8,NONE,LITTER,,,S
8/26/2020,OGBA-01,2,120,9,PHRAG,LITTER,,,S
8/26/2020,OGBA-01,2,120,10,PHRAG,LITTER,,,S
8/26/2020,OGBA-01,2,120,11,PHRAG,LITTER,,,S
8/26/2020,OGBA-01,2,120,12,PHRAG,HOJU,LITTER,,S
8/26/2020,OGBA-01,2,120,13,PHRAG,LITTER,,,S
8/26/2020,OGBA-01,2,120,14,HOJU,PHRAG,LITTER,,S
8/26/2020,OGBA-01,2,120,15,PHRAG,LITTER,,,S
8/26/2020,OGBA-01,2,120,16,PHRAG,LITTER,,,S
8/26/2020,OGBA-01,2,120,17,PHRAG,HOJU,LITTER,,S
8/26/2020,OGBA-01,2,120,18,PHRAG,LITTER,,,S
8/26/2020,OGBA-01,2,120,19,POMO,LITTER,,,S
8/26/2020,OGBA-01,2,120,20,PHRAG,POMO,LITTER,,S
8/26/2020,OGBA-01,2,120,21,NONE,LITTER,,,S
8/26/2020,OGBA-01,2,120,22,HOJU,LITTER,,,S
8/26/2020,OGBA-01,2,120,23,PHRAG,LITTER,,,S
8/26/2020,OGBA-01,2,120,24,PHRAG,LITTER,,,S
8/26/2020,OGBA-01,2,120,25,HOJU,POMO,LITTER,,S
8/26/2020,OGBA-01,2,120,26,HOJU,LITTER,,,S
8/26/2020,OGBA-01,2,120,27,PHRAG,LITTER,,,S
8/26/2020,OGBA-01,2,120,28,HOJU,PHRAG,LITTER,,S
8/26/2020,OGBA-01,2,120,29,NONE,LITTER,,,S
8/26/2020,OGBA-01,2,120,30,HOJU,LITTER,,,S
8/26/2020,OGBA-01,2,120,31,PHRAG,POMO,LITTER,,S
8/26/2020,OGBA-01,2,120,32,PHRAG,HOJU,LITTER,,S
8/26/2020,OGBA-01,2,120,33,HOJU,LITTER,,,S
8/26/2020,OGBA-01,2,120,34,PHRAG,LITTER,,,S
8/26/2020,OGBA-01,2,120,35,PHRAG,LITTER,,,S
8/26/2020,OGBA-01,2,120,36,PHRAG,LITTER,,,S
8/26/2020,OGBA-01,2,120,37,PHRAG,LITTER,,,S
8/26/2020,OGBA-01,2,120,38,PHRAG,HOJU,,,S
8/26/2020,OGBA-01,2,120,39,HOJU,,,,S
8/26/2020,OGBA-01,2,120,40,PHRAG,HOJU,LITTER,,S
8/26/2020,OGBA-01,2,120,41,PHRAG,POMO,LITTER,,S
8/26/2020,OGBA-01,2,120,42,PHRAG,LITTER,,,S
8/26/2020,OGBA-01,2,120,43,NONE,LITTER,,,S
8/26/2020,OGBA-01,2,120,44,HOJU,LITTER,,,S
8/26/2020,OGBA-01,2,120,45,PHRAG,HOJU,LITTER,,S
8/26/2020,OGBA-01,2,120,46,HOJU,LITTER,,,S
8/26/2020,OGBA-01,2,120,47,POMO,LITTER,,,S
8/26/2020,OGBA-01,2,120,48,POMO,LITTER,,,S
8/26/2020,OGBA-01,2,120,49,PHRAG,POMO,LITTER,,S
8/26/2020,OGBA-01,2,120,50,NONE,LITTER,,,S
8/26/2020,OGBA-01,3,240,1,PHRAG,POMO,LITTER,,S
8/26/2020,OGBA-01,3,240,2,HOJU,LITTER,,,S
8/26/2020,OGBA-01,3,240,3,HOJU,LITTER,,,S
8/26/2020,OGBA-01,3,240,4,HOJU,LITTER,,,S
8/26/2020,OGBA-01,3,240,5,PHRAG,LITTER,,,S
8/26/2020,OGBA-01,3,240,6,POMO,LITTER,,,S
8/26/2020,OGBA-01,3,240,7,HOJU,LITTER,,,S
8/26/2020,OGBA-01,3,240,8,PHRAG,LITTER,,,S
8/26/2020,OGBA-01,3,240,9,PHRAG,LITTER,,,S
8/26/2020,OGBA-01,3,240,10,NONE,LITTER,,,S
8/26/2020,OGBA-01,3,240,11,PHRAG,LITTER,,,S
8/26/2020,OGBA-01,3,240,12,NONE,LITTER,,,S
8/26/2020,OGBA-01,3,240,13,PHRAG,LITTER,,,S
8/26/2020,OGBA-01,3,240,14,PHRAG,HOJU,LITTER,,S
8/26/2020,OGBA-01,3,240,15,PHRAG,HOJU,LITTER,,S
8/26/2020,OGBA-01,3,240,16,PHRAG,LITTER,,,S
8/26/2020,OGBA-01,3,240,17,PHRAG,LITTER,,,S
8/26/2020,OGBA-01,3,240,18,PHRAG,LITTER,,,S
8/26/2020,OGBA-01,3,240,19,HOJU,LITTER,,,S
8/26/2020,OGBA-01,3,240,20,PHRAG,HOJU,LITTER,,S
8/26/2020,OGBA-01,3,240,21,PHRAG,POMO,LITTER,,S
8/26/2020,OGBA-01,3,240,22,POMO,LITTER,,,S
8/26/2020,OGBA-01,3,240,23,POMO,LITTER,,,S
8/26/2020,OGBA-01,3,240,24,PUNU,LITTER,,,S
8/26/2020,OGBA-01,3,240,25,ATRIPLEX,PHRAG,PUNU,LITTER,S
8/26/2020,OGBA-01,3,240,26,PHRAG,LITTER,,,S
8/26/2020,OGBA-01,3,240,27,PHRAG,ATRIPLEX,LITTER,,S
8/26/2020,OGBA-01,3,240,28,PHRAG,PUNU,LITTER,,S
8/26/2020,OGBA-01,3,240,29,PHRAG,HOJU,LITTER,,S
8/26/2020,OGBA-01,3,240,30,HOJU,LITTER,,,S
8/26/2020,OGBA-01,3,240,31,PHRAG,HOJU,LITTER,,S
8/26/2020,OGBA-01,3,240,32,PHRAG,HOJU,LITTER,,S
8/26/2020,OGBA-01,3,240,33,PHRAG,LELA,LITTER,,S
8/26/2020,OGBA-01,3,240,34,PHRAG,HOJU,LITTER,,S
8/26/2020,OGBA-01,3,240,35,HOJU,LITTER,,,S
8/26/2020,OGBA-01,3,240,36,HOJU,LITTER,,,S
8/26/2020,OGBA-01,3,240,37,HOJU,PHTAG,LITTER,,S
8/26/2020,OGBA-01,3,240,38,PHRAG,HOJU,LITTER,,S
8/26/2020,OGBA-01,3,240,39,HOJU,LITTER,,,S
8/26/2020,OGBA-01,3,240,40,PHRAG,LITTER,,,S
8/26/2020,OGBA-01,3,240,41,HOJU,LITTER,,,S
8/26/2020,OGBA-01,3,240,42,PHRAG,HOJU,LITTER,,S
8/26/2020,OGBA-01,3,240,43,HOJU,LITTER,,,S
8/26/2020,OGBA-01,3,240,44,PHRAG,HOJU,LITTER,,S
8/26/2020,OGBA-01,3,240,45,HOJU,LITTER,,,S
8/26/2020,OGBA-01,3,240,46,HOJU,LITTER,,,S
8/26/2020,OGBA-01,3,240,47,HOJU,LITTER,,,S
8/26/2020,OGBA-01,3,240,48,HOJU,LITTER,,,S
8/26/2020,OGBA-01,3,240,49,HOJU,PHRAG,LITTER,,S
8/26/2020,OGBA-01,3,240,50,HOJU,LITTER,,,S
9/30/2020,HACR-01,1,0,1,PONO,LITTER,,,S
9/30/2020,HACR-01,1,0,2,DISP,LITTER,,,S
9/30/2020,HACR-01,1,0,3,DISP,LITTER,,,S
9/30/2020,HACR-01,1,0,4,DISP,DISP,LITTER,,S
9/30/2020,HACR-01,1,0,5,PHRAG,DISP,LITTER,,S
9/30/2020,HACR-01,1,0,6,PHRAG,LITTER,,,S
9/30/2020,HACR-01,1,0,7,PONO,LITTER,,,S
9/30/2020,HACR-01,1,0,8,DISP,LITTER,,,S
9/30/2020,HACR-01,1,0,9,DISP,LITTER,,,S
9/30/2020,HACR-01,1,0,10,DISP,LITTER,,,S
9/30/2020,HACR-01,1,0,11,POMO,LITTER,,,S
9/30/2020,HACR-01,1,0,12,NONE,LITTER,,,S
9/30/2020,HACR-01,1,0,13,DISP,LITTER,,,S
9/30/2020,HACR-01,1,0,14,DISP,LITTER,,,S
9/30/2020,HACR-01,1,0,15,DISP,LITTER,,,S
9/30/2020,HACR-01,1,0,16,DISP,LITTER,,,S
9/30/2020,HACR-01,1,0,17,NONE,LITTER,,,S
9/30/2020,HACR-01,1,0,18,DISP,LITTER,,,S
9/30/2020,HACR-01,1,0,19,DISP,LITTER,,,S
9/30/2020,HACR-01,1,0,20,DISP,PHRAG,LITTER,,S
9/30/2020,HACR-01,1,0,21,DISP,PHRAG,LITTER,,S
9/30/2020,HACR-01,1,0,22,DISP,LITTER,,,S
9/30/2020,HACR-01,1,0,23,DISP,LITTER,,,S
9/30/2020,HACR-01,1,0,24,DISP,LITTER,,,S
9/30/2020,HACR-01,1,0,25,NONE,LITTER,,,S
9/30/2020,HACR-01,1,0,26,NONE,LITTER,,,S
9/30/2020,HACR-01,1,0,27,DISP,LITTER,,,S
9/30/2020,HACR-01,1,0,28,DISP,LITTER,,,S
9/30/2020,HACR-01,1,0,29,DISP,LITTER,,,S
9/30/2020,HACR-01,1,0,30,DISP,POMO,,,S
9/30/2020,HACR-01,1,0,31,PHRAG,LITTER,,,S
9/30/2020,HACR-01,1,0,32,PHRAG,DISP,LITTER,,S
9/30/2020,HACR-01,1,0,33,PHRAG,POMO,LITTER,,S
9/30/2020,HACR-01,1,0,34,POMO,LITTER,,,S
9/30/2020,HACR-01,1,0,35,NONE,LITTER,,,S
9/30/2020,HACR-01,1,0,36,DISP,LITTER,,,S
9/30/2020,HACR-01,1,0,37,NONE,LITTER,,,S
9/30/2020,HACR-01,1,0,38,DISP,LITTER,,,S
9/30/2020,HACR-01,1,0,39,NONE,,,,S
9/30/2020,HACR-01,1,0,40,NONE,,,,S
9/30/2020,HACR-01,1,0,41,NONE,,,,S
9/30/2020,HACR-01,1,0,42,DISP,,,,S
9/30/2020,HACR-01,1,0,43,DISP,LITTER,,,S
9/30/2020,HACR-01,1,0,44,NONE,LITTER,,,S
9/30/2020,HACR-01,1,0,45,DISP,LITTER,,,S
9/30/2020,HACR-01,1,0,46,DISP,,,,S
9/30/2020,HACR-01,1,0,47,DISP,LITTER,,,S
9/30/2020,HACR-01,1,0,48,POMO,,,,S
9/30/2020,HACR-01,1,0,49,DISP,LITTER,,,S
9/30/2020,HACR-01,1,0,50,DISP,LITTER,,,S
9/30/2020,HACR-01,2,120,1,NONE,LITTER,,,S
9/30/2020,HACR-01,2,120,2,DISP,LITTER,,,S
9/30/2020,HACR-01,2,120,3,DISP,LITTER,,,S
9/30/2020,HACR-01,2,120,4,DISP,LITTER,,,S
9/30/2020,HACR-01,2,120,5,DISP,LITTER,,,S
9/30/2020,HACR-01,2,120,6,DISP,LITTER,,,S
9/30/2020,HACR-01,2,120,7,DISP,LITTER,,,S
9/30/2020,HACR-01,2,120,8,POMO,LITTER,,,S
9/30/2020,HACR-01,2,120,9,DISP,LITTER,,,S
9/30/2020,HACR-01,2,120,10,DISP,LITTER,,,S
9/30/2020,HACR-01,2,120,11,POMO,DISP,LITTER,,S
9/30/2020,HACR-01,2,120,12,NONE,,,,S
9/30/2020,HACR-01,2,120,13,DISP,POMO,LITTER,,S
9/30/2020,HACR-01,2,120,14,DISP,LITTER,,,S
9/30/2020,HACR-01,2,120,15,PHRAG,,,,S
9/30/2020,HACR-01,2,120,16,POMO,LITTER,,,S
9/30/2020,HACR-01,2,120,17,POMO,,,,S
9/30/2020,HACR-01,2,120,18,DISP,LITTER,,,S
9/30/2020,HACR-01,2,120,19,NONE,LITTER,,,S
9/30/2020,HACR-01,2,120,20,DISP,POMO,LITTER,,S
9/30/2020,HACR-01,2,120,21,POMO,LITTER,,,S
9/30/2020,HACR-01,2,120,22,DISP,LITTER,,,S
9/30/2020,HACR-01,2,120,23,PHRAG,LITTER,,,S
9/30/2020,HACR-01,2,120,24,PHRAG,POMO,LITTER,,S
9/30/2020,HACR-01,2,120,25,NONE,,,,S
9/30/2020,HACR-01,2,120,26,POMO,LITTER,,,S
9/30/2020,HACR-01,2,120,27,PHRAG,LITTER,,,S
9/30/2020,HACR-01,2,120,28,DISP,LITTER,,,S
9/30/2020,HACR-01,2,120,29,DISP,LITTER,,,S
9/30/2020,HACR-01,2,120,30,DISP,LITTER,,,S
9/30/2020,HACR-01,2,120,31,DISP,LITTER,,,S
9/30/2020,HACR-01,2,120,32,PHRAG,DISP,LITTER,,S
9/30/2020,HACR-01,2,120,33,POMO,LITTER,,,S
9/30/2020,HACR-01,2,120,34,PHRAG,DISP,LITTER,,S
9/30/2020,HACR-01,2,120,35,POMO,LITTER,,,S
9/30/2020,HACR-01,2,120,36,POMO,DISP,LITTER,,S
9/30/2020,HACR-01,2,120,37,DISP,LITTER,,,S
9/30/2020,HACR-01,2,120,38,DISP,LITTER,,,S
9/30/2020,HACR-01,2,120,39,DISP,PHRAG,LITTER,,S
9/30/2020,HACR-01,2,120,40,PHRAG,LITTER,,,S
9/30/2020,HACR-01,2,120,41,PHRAG,LITTER,,,S
9/30/2020,HACR-01,2,120,42,NONE,LITTER,,,S
9/30/2020,HACR-01,2,120,43,NONE,LITTER,,,S
9/30/2020,HACR-01,2,120,44,NONE,LITTER,,,S
9/30/2020,HACR-01,2,120,45,NONE,LITTER,,,S
9/30/2020,HACR-01,2,120,46,POMO,LITTER,,,S
9/30/2020,HACR-01,2,120,47,PHRAG,LITTER,,,S
9/30/2020,HACR-01,2,120,48,PHRAG,,,,S
9/30/2020,HACR-01,2,120,49,PHRAG,LITTER,,,S
9/30/2020,HACR-01,2,120,50,PHRAG,LITTER,,,S
9/30/2020,HACR-01,3,240,1,POMO,LITTER,,,S
9/30/2020,HACR-01,3,240,2,PONO,,,,S
9/30/2020,HACR-01,3,240,3,DISP,,,,S
9/30/2020,HACR-01,3,240,4,DISP,LITTER,,,S
9/30/2020,HACR-01,3,240,5,DISP,LITTER,,,S
9/30/2020,HACR-01,3,240,6,DISP,LITTER,,,S
9/30/2020,HACR-01,3,240,7,NONE,LITTER,,,S
9/30/2020,HACR-01,3,240,8,DISP,,,,S
9/30/2020,HACR-01,3,240,9,NONE,,,,S
9/30/2020,HACR-01,3,240,10,NONE,,,,S
9/30/2020,HACR-01,3,240,11,DISP,LITTER,,,S
9/30/2020,HACR-01,3,240,12,NONE,,,,S
9/30/2020,HACR-01,3,240,13,NONE,LITTER,,,S
9/30/2020,HACR-01,3,240,14,DISP,LITTER,,,S
9/30/2020,HACR-01,3,240,15,DISP,LITTER,,,S
9/30/2020,HACR-01,3,240,16,DISP,LITTER,,,S
9/30/2020,HACR-01,3,240,17,NONE,LITTER,,,S
9/30/2020,HACR-01,3,240,18,DISP,LITTER,,,S
9/30/2020,HACR-01,3,240,19,DISP,LITTER,,,S
9/30/2020,HACR-01,3,240,20,DISP,LITTER,,,S
9/30/2020,HACR-01,3,240,21,DISP,LITTER,,,S
9/30/2020,HACR-01,3,240,22,DISP,LITTER,,,S
9/30/2020,HACR-01,3,240,23,DISP,LITTER,,,S
9/30/2020,HACR-01,3,240,24,DISP,LITTER,,,S
9/30/2020,HACR-01,3,240,25,NONE,LITTER,,,S
9/30/2020,HACR-01,3,240,26,DISP,,,,S
9/30/2020,HACR-01,3,240,27,NONE,,,,S
9/30/2020,HACR-01,3,240,28,DISP,LITTER,,,S
9/30/2020,HACR-01,3,240,29,DISP,LITTER,,,S
9/30/2020,HACR-01,3,240,30,NONE,LITTER,,,S
9/30/2020,HACR-01,3,240,31,DISP,LITTER,,,S
9/30/2020,HACR-01,3,240,32,PHRAG,,,,S
9/30/2020,HACR-01,3,240,33,POMO,,,,S
9/30/2020,HACR-01,3,240,34,DISP,LITTER,LITTER,,S
9/30/2020,HACR-01,3,240,35,PHRAG,PHRAG,LITTER,,S
9/30/2020,HACR-01,3,240,36,DISP,DISP,,,S
9/30/2020,HACR-01,3,240,37,DISP,LITTER,,,S
9/30/2020,HACR-01,3,240,38,DISP,LITTER,,,S
9/30/2020,HACR-01,3,240,39,DISP,LITTER,,,S
9/30/2020,HACR-01,3,240,40,DISP,LITTER,,,S
9/30/2020,HACR-01,3,240,41,DISP,LITTER,,,S
9/30/2020,HACR-01,3,240,42,DISP,LITTER,,,S
9/30/2020,HACR-01,3,240,43,POMO,DISP,LITTER,,S
9/30/2020,HACR-01,3,240,44,DISP,LITTER,,,S
9/30/2020,HACR-01,3,240,45,DISP,POMO,LITTER,,S
9/30/2020,HACR-01,3,240,46,DISP,POMO,LITTER,,S
9/30/2020,HACR-01,3,240,47,DISP,LITTER,,,S
9/30/2020,HACR-01,3,240,48,DISP,LITTER,,,S
9/30/2020,HACR-01,3,240,49,POMO,LITTER,,,S
9/30/2020,HACR-01,3,240,50,DISP,LITTER,,,S
7/21/2020,BR-01,1,0,1,NONE,,,,S
7/21/2020,BR-01,1,0,2,DISP,ATRIPLEX,SARU,,S
7/21/2020,BR-01,1,0,3,ATRIPLEX,,,,S
7/21/2020,BR-01,1,0,4,SARU,,,,S
7/21/2020,BR-01,1,0,5,DISP,,,,S
7/21/2020,BR-01,1,0,6,DISP,SARU,,,S
7/21/2020,BR-01,1,0,7,DISP,SARU,,,S
7/21/2020,BR-01,1,0,8,ATRIPLEX,,,,S
7/21/2020,BR-01,1,0,9,SARU,LITTER,,,S
7/21/2020,BR-01,1,0,10,DISP,,,,S
7/21/2020,BR-01,1,0,11,ATRIPLEX,LITTER,,,S
7/21/2020,BR-01,1,0,12,SARU,,,,S
7/21/2020,BR-01,1,0,13,DISP,SARU,LITTER,,S
7/21/2020,BR-01,1,0,14,DISP,SARU,,,S
7/21/2020,BR-01,1,0,15,DISP,DISP,,,S
7/21/2020,BR-01,1,0,16,SARU,,,,S
7/21/2020,BR-01,1,0,17,SARU,,,,S
7/21/2020,BR-01,1,0,18,NONE,LITTER,,,S
7/21/2020,BR-01,1,0,19,SARU,,,,S
7/21/2020,BR-01,1,0,20,SARU,,,,S
7/21/2020,BR-01,1,0,21,SARU,LITTER,,,S
7/21/2020,BR-01,1,0,22,SARU,,,,S
7/21/2020,BR-01,1,0,23,SARU,,,,S
7/21/2020,BR-01,1,0,24,DISP,,,,S
7/21/2020,BR-01,1,0,25,NONE,LITTER,,,S
7/21/2020,BR-01,1,0,26,DISP,,,,S
7/21/2020,BR-01,1,0,27,SARU,,,,S
7/21/2020,BR-01,1,0,28,DISP,LITTER,,,S
7/21/2020,BR-01,1,0,29,SARU,LITTER,,,S
7/21/2020,BR-01,1,0,30,ATRIPLEX,,,,S
7/21/2020,BR-01,1,0,31,DISP,ATRIPLEX,LITTER,,S
7/21/2020,BR-01,1,0,32,ATRIPLEX,LITTER,,,S
7/21/2020,BR-01,1,0,33,ATRIPLEX,,,,S
7/21/2020,BR-01,1,0,34,DISP,ATRIPLEX,,,S
7/21/2020,BR-01,1,0,35,ATRIPLEX,LITTER,,,S
7/21/2020,BR-01,1,0,36,DISP,LITTER,,,S
7/21/2020,BR-01,1,0,37,ATRIPLEX,DISP,LITTER,,S
7/21/2020,BR-01,1,0,38,DISP,LITTER,,,S
7/21/2020,BR-01,1,0,39,DISP,LITTER,,,S
7/21/2020,BR-01,1,0,40,DISP,LITTER,,,S
7/21/2020,BR-01,1,0,41,DISP,,,,S
7/21/2020,BR-01,1,0,42,DISP,,,,S
7/21/2020,BR-01,1,0,43,DISP,,,,S
7/21/2020,BR-01,1,0,44,DISP,LITTER,,,S
7/21/2020,BR-01,1,0,45,DISP,LITTER,,,S
7/21/2020,BR-01,1,0,46,DISP,,,,S
7/21/2020,BR-01,1,0,47,POLYGONUM,ATRIPLEX,,,S
7/21/2020,BR-01,1,0,48,ATRIPLEX,,,,S
7/21/2020,BR-01,1,0,49,DISP,,,,S
7/21/2020,BR-01,1,0,50,DISP,ATRIPLEX,,,S
7/21/2020,BR-01,2,120,1,NONE,,,,S
7/21/2020,BR-01,2,120,2,NONE,,,,S
7/21/2020,BR-01,2,120,3,SARU,,,,S
7/21/2020,BR-01,2,120,4,ATRIPLEX,,,,S
7/21/2020,BR-01,2,120,5,ATRIPLEX,LITTER,,,S
7/21/2020,BR-01,2,120,6,ATRIPLEX,,,,S
7/21/2020,BR-01,2,120,7,SARU,,,,S
7/21/2020,BR-01,2,120,8,DISP,,,,S
7/21/2020,BR-01,2,120,9,NONE,LITTER,,,S
7/21/2020,BR-01,2,120,10,NONE,,,,S
7/21/2020,BR-01,2,120,11,NONE,,,,S
7/21/2020,BR-01,2,120,12,SARU,,,,S
7/21/2020,BR-01,2,120,13,ATRIPLEX,SARU,,,S
7/21/2020,BR-01,2,120,14,NONE,,,,AD
7/21/2020,BR-01,2,120,15,NONE,LITTER,,,S
7/21/2020,BR-01,2,120,16,SARU,,,,S
7/21/2020,BR-01,2,120,17,SARU,,,,S
7/21/2020,BR-01,2,120,18,SARU,,,,S
7/21/2020,BR-01,2,120,19,SARU,,,,S
7/21/2020,BR-01,2,120,20,NONE,,,,S
7/21/2020,BR-01,2,120,21,NONE,LITTER,,,S
7/21/2020,BR-01,2,120,22,NONE,LITTER,,,S
7/21/2020,BR-01,2,120,23,ATRIPLEX,SARU,,,S
7/21/2020,BR-01,2,120,24,NONE,LITTER,,,S
7/21/2020,BR-01,2,120,25,SARU,,,,S
7/21/2020,BR-01,2,120,26,NONE,,,,S
7/21/2020,BR-01,2,120,27,NONE,,,,S
7/21/2020,BR-01,2,120,28,SARU,,,,S
7/21/2020,BR-01,2,120,29,SARU,,,,S
7/21/2020,BR-01,2,120,30,NONE,,,,S
7/21/2020,BR-01,2,120,31,ATRIPLEX,,,,S
7/21/2020,BR-01,2,120,32,NONE,,,,S
7/21/2020,BR-01,2,120,33,SARU,,,,S
7/21/2020,BR-01,2,120,34,NONE,,,,S
7/21/2020,BR-01,2,120,35,SARU,LITTER,,,S
7/21/2020,BR-01,2,120,36,NONE,,,,S
7/21/2020,BR-01,2,120,37,SARU,,,,S
7/21/2020,BR-01,2,120,38,SARU,,,,S
7/21/2020,BR-01,2,120,39,SARU,LITTER,,,S
7/21/2020,BR-01,2,120,40,SARU,,,,S
7/21/2020,BR-01,2,120,41,NONE,,,,S
7/21/2020,BR-01,2,120,42,NONE,,,,S
7/21/2020,BR-01,2,120,43,ATRIPLEX,LITTER,,,S
7/21/2020,BR-01,2,120,44,SARU,,,,S
7/21/2020,BR-01,2,120,45,SARU,,,,S
7/21/2020,BR-01,2,120,46,ATRIPLEX,LITTER,,,S
7/21/2020,BR-01,2,120,47,ATRIPLEX,SARU,,,S
7/21/2020,BR-01,2,120,48,SARU,,,,S
7/21/2020,BR-01,2,120,49,SARU,,,,S
7/21/2020,BR-01,2,120,50,SARU,LITTER,,,S
7/21/2020,BR-01,3,240,1,SARU,LITTER,,,S
7/21/2020,BR-01,3,240,2,NOINE,,,,S
7/21/2020,BR-01,3,240,3,SARU,,,,S
7/21/2020,BR-01,3,240,4,NONE,LITTER,,,S
7/21/2020,BR-01,3,240,5,NONE,LITTER,,,S
7/21/2020,BR-01,3,240,6,SARU,,,,S
7/21/2020,BR-01,3,240,7,SARU,LITTER,,,S
7/21/2020,BR-01,3,240,8,SARU,,,,S
7/21/2020,BR-01,3,240,9,DISP,SARU,,,S
7/21/2020,BR-01,3,240,10,SARU,,,,S
7/21/2020,BR-01,3,240,11,NONE,,,,S
7/21/2020,BR-01,3,240,12,SARU,,,,S
7/21/2020,BR-01,3,240,13,DISP,,,,S
7/21/2020,BR-01,3,240,14,SARU,,,,S
7/21/2020,BR-01,3,240,15,SARU,,,,S
7/21/2020,BR-01,3,240,16,SARU,,,,S
7/21/2020,BR-01,3,240,17,ATRIPLEX,LITTER,,,S
7/21/2020,BR-01,3,240,18,NONE,,,,S
7/21/2020,BR-01,3,240,19,SARU,,,,S
7/21/2020,BR-01,3,240,20,NONE,,,,S
7/21/2020,BR-01,3,240,21,SARU,,,,S
7/21/2020,BR-01,3,240,22,NONE,,,,S
7/21/2020,BR-01,3,240,23,DISP,SARU,,,S
7/21/2020,BR-01,3,240,24,NONE,,,,S
7/21/2020,BR-01,3,240,25,DISP,SARU,,,S
7/21/2020,BR-01,3,240,26,NONE,LITTER,,,S
7/21/2020,BR-01,3,240,27,NONE,,,,S
7/21/2020,BR-01,3,240,28,NONE,LITTER,,,S
7/21/2020,BR-01,3,240,29,DISP,,,,S
7/21/2020,BR-01,3,240,30,NONE,LITTER,,,S
7/21/2020,BR-01,3,240,31,NONE,,,,S
7/21/2020,BR-01,3,240,32,DISP,SARU,LITTER,,S
7/21/2020,BR-01,3,240,33,ATRIPLEX,SARU,,,S
7/21/2020,BR-01,3,240,34,SARU,,,,S
7/21/2020,BR-01,3,240,35,SARU,,,,S
7/21/2020,BR-01,3,240,36,NONE,LITTER,,,S
7/21/2020,BR-01,3,240,37,ATRIPLEX,,,,S
7/21/2020,BR-01,3,240,38,SARU,,,,S
7/21/2020,BR-01,3,240,39,SARU,,,,S
7/21/2020,BR-01,3,240,40,NONE,LITTER,,,S
7/21/2020,BR-01,3,240,41,DISP,SARU,,,S
7/21/2020,BR-01,3,240,42,DISP,SARU,,,S
7/21/2020,BR-01,3,240,43,NONE,,,,S
7/21/2020,BR-01,3,240,44,DISP,LITTER,,,S
7/21/2020,BR-01,3,240,45,NONE,LITTER,,,S
7/21/2020,BR-01,3,240,46,DISP,LITTER,,,S
7/21/2020,BR-01,3,240,47,DISP,LITTER,,,S
7/21/2020,BR-01,3,240,48,SARU,,,,S
7/21/2020,BR-01,3,240,49,DISP,SARU,,,S
7/21/2020,BR-01,3,240,50,SARU,,,,S
8/11/2020,BR-02,1,0,1,NONE,,,,S
8/11/2020,BR-02,1,0,2,DISP,,,,S
8/11/2020,BR-02,1,0,3,DISP,SARU,,,S
8/11/2020,BR-02,1,0,4,DISP,,,,S
8/11/2020,BR-02,1,0,5,DISP,LITTER,,,S
8/11/2020,BR-02,1,0,6,DISP,LITTER,,,S
8/11/2020,BR-02,1,0,7,NONE,,,,S
8/11/2020,BR-02,1,0,8,DISP,SARU,,,S
8/11/2020,BR-02,1,0,9,DISP,LITTER,,,S
8/11/2020,BR-02,1,0,10,DISP,,,,S
8/11/2020,BR-02,1,0,11,NONE,,,,S
8/11/2020,BR-02,1,0,12,DISP,,,,S
8/11/2020,BR-02,1,0,13,DISP,LITTER,,,S
8/11/2020,BR-02,1,0,14,DISP,,,,S
8/11/2020,BR-02,1,0,15,DISP,,,,S
8/11/2020,BR-02,1,0,16,NONE,,,,S
8/11/2020,BR-02,1,0,17,DISP,,,,S
8/11/2020,BR-02,1,0,18,DISP,,,,S
8/11/2020,BR-02,1,0,19,DISP,LITTER,,,S
8/11/2020,BR-02,1,0,20,DISP,LITTER,,,S
8/11/2020,BR-02,1,0,21,DISP,,,,S
8/11/2020,BR-02,1,0,22,DISP,LITTER,,,S
8/11/2020,BR-02,1,0,23,DISP,LITTER,,,S
8/11/2020,BR-02,1,0,24,NONE,,,,S
8/11/2020,BR-02,1,0,25,DISP,,,,S
8/11/2020,BR-02,1,0,26,NONE,LITTER,,,S
8/11/2020,BR-02,1,0,27,DISP,,,,S
8/11/2020,BR-02,1,0,28,DISP,,,,S
8/11/2020,BR-02,1,0,29,DISP,SARU,,,S
8/11/2020,BR-02,1,0,30,DISP,SARU,,,S
8/11/2020,BR-02,1,0,31,DISP,LITTER,,,S
8/11/2020,BR-02,1,0,32,DISP,SARU,,,S
8/11/2020,BR-02,1,0,33,DISP,LITTER,,,S
8/11/2020,BR-02,1,0,34,DISP,,,,S
8/11/2020,BR-02,1,0,35,DISP,LITTER,,,S
8/11/2020,BR-02,1,0,36,DISP,LITTER,,,S
8/11/2020,BR-02,1,0,37,DISP,LITTER,,,S
8/11/2020,BR-02,1,0,38,DISP,LITTER,,,S
8/11/2020,BR-02,1,0,39,DISP,LITTER,,,S
8/11/2020,BR-02,1,0,40,DISP,LITTER,,,S
8/11/2020,BR-02,1,0,41,DISP,LITTER,,,S
8/11/2020,BR-02,1,0,42,DISP,LITTER,,,S
8/11/2020,BR-02,1,0,43,PHRAG,DISP,LITTER,,S
8/11/2020,BR-02,1,0,44,DISP,LITTER,,,S
8/11/2020,BR-02,1,0,45,DISP,LITTER,,,S
8/11/2020,BR-02,1,0,46,DISP,LITTER,,,S
8/11/2020,BR-02,1,0,47,DISP,,,,S
8/11/2020,BR-02,1,0,48,DISP,LITTER,,,S
8/11/2020,BR-02,1,0,49,DISP,LITTER,,,S
8/11/2020,BR-02,1,0,50,DISP,LITTER,,,S
8/11/2020,BR-02,2,120,1,DISP,,,,S
8/11/2020,BR-02,2,120,2,DISP,,,,S
8/11/2020,BR-02,2,120,3,DISP,,,,S
8/11/2020,BR-02,2,120,4,DISP,LITTER,,,S
8/11/2020,BR-02,2,120,5,DISP,LITTER,,,S
8/11/2020,BR-02,2,120,6,DISP,LITTER,,,S
8/11/2020,BR-02,2,120,7,DISP,LITTER,,,S
8/11/2020,BR-02,2,120,8,DISP,LITTER,,,S
8/11/2020,BR-02,2,120,9,DISP,LITTER,,,S
8/11/2020,BR-02,2,120,10,DISP,LITTER,,,S
8/11/2020,BR-02,2,120,11,DISP,LITTER,,,S
8/11/2020,BR-02,2,120,12,DISP,LITTER,,,S
8/11/2020,BR-02,2,120,13,DISP,LITTER,,,S
8/11/2020,BR-02,2,120,14,DISP,LITTER,,,S
8/11/2020,BR-02,2,120,15,DISP,LITTER,,,S
8/11/2020,BR-02,2,120,16,DISP,LITTER,,,S
8/11/2020,BR-02,2,120,17,DISP,LITTER,,,S
8/11/2020,BR-02,2,120,18,DISP,LITTER,,,S
8/11/2020,BR-02,2,120,19,NONE,LITTER,,,S
8/11/2020,BR-02,2,120,20,DISP,LITTER,,,S
8/11/2020,BR-02,2,120,21,DISP,LITTER,,,S
8/11/2020,BR-02,2,120,22,DISP,LITTER,,,S
8/11/2020,BR-02,2,120,23,DISP,LITTER,,,S
8/11/2020,BR-02,2,120,24,DISP,LITTER,,,S
8/11/2020,BR-02,2,120,25,DISP,LITTER,,,S
8/11/2020,BR-02,2,120,26,DISP,LITTER,,,S
8/11/2020,BR-02,2,120,27,DISP,LITTER,,,S
8/11/2020,BR-02,2,120,28,DISP,LITTER,,,S
8/11/2020,BR-02,2,120,29,DISP,LITTER,,,S
8/11/2020,BR-02,2,120,30,DISP,LITTER,,,S
8/11/2020,BR-02,2,120,31,DISP,LITTER,,,S
8/11/2020,BR-02,2,120,32,DISP,LITTER,,,S
8/11/2020,BR-02,2,120,33,DISP,LITTER,,,S
8/11/2020,BR-02,2,120,34,DISP,LITTER,,,S
8/11/2020,BR-02,2,120,35,DISP,LITTER,,,S
8/11/2020,BR-02,2,120,36,NONE,LITTER,,,S
8/11/2020,BR-02,2,120,37,DISP,LITTER,,,S
8/11/2020,BR-02,2,120,38,DISP,LITTER,,,S
8/11/2020,BR-02,2,120,39,DISP,LITTER,,,S
8/11/2020,BR-02,2,120,40,DISP,LITTER,,,S
8/11/2020,BR-02,2,120,41,DISP,LITTER,,,S
8/11/2020,BR-02,2,120,42,DISP,LITTER,,,S
8/11/2020,BR-02,2,120,43,DISP,LITTER,,,S
8/11/2020,BR-02,2,120,44,DISP,LITTER,,,S
8/11/2020,BR-02,2,120,45,NONE,LITTER,,,S
8/11/2020,BR-02,2,120,46,DISP,LITTER,,,S
8/11/2020,BR-02,2,120,47,DISP,LITTER,,,S
8/11/2020,BR-02,2,120,48,DISP,LITTER,,,S
8/11/2020,BR-02,2,120,49,DISP,LITTER,,,S
8/11/2020,BR-02,2,120,50,DISP,LITTER,,,S
8/11/2020,BR-02,3,240,1,SARU,,,,S
8/11/2020,BR-02,3,240,2,DISP,LITTER,,,S
8/11/2020,BR-02,3,240,3,DISP,,,,S
8/11/2020,BR-02,3,240,4,DISP,,,,S
8/11/2020,BR-02,3,240,5,NONE,LITTER,,,S
8/11/2020,BR-02,3,240,6,SARU,LITTER,,,S
8/11/2020,BR-02,3,240,7,SARU,,,,S
8/11/2020,BR-02,3,240,8,DISP,,,,S
8/11/2020,BR-02,3,240,9,SARU,LITTER,,,S
8/11/2020,BR-02,3,240,10,SARU,,,,S
8/11/2020,BR-02,3,240,11,NONE,,,,S
8/11/2020,BR-02,3,240,12,SARU,,,,S
8/11/2020,BR-02,3,240,13,NONE,,,,S
8/11/2020,BR-02,3,240,14,SARU,,,,S
8/11/2020,BR-02,3,240,15,SARU,,,,S
8/11/2020,BR-02,3,240,16,NONE,,,,S
8/11/2020,BR-02,3,240,17,NONE,,,,S
8/11/2020,BR-02,3,240,18,NONE,,,,S
8/11/2020,BR-02,3,240,19,SARU,,,,S
8/11/2020,BR-02,3,240,20,NONE,,,,S
8/11/2020,BR-02,3,240,21,NONE,,,,S
8/11/2020,BR-02,3,240,22,NONE,,,,S
8/11/2020,BR-02,3,240,23,NONE,,,,S
8/11/2020,BR-02,3,240,24,SARU,,,,S
8/11/2020,BR-02,3,240,25,NONE,,,,S
8/11/2020,BR-02,3,240,26,SARU,,,,S
8/11/2020,BR-02,3,240,27,NONE,,,,S
8/11/2020,BR-02,3,240,28,SARU,LITTER,,,S
8/11/2020,BR-02,3,240,29,SARU,,,,S
8/11/2020,BR-02,3,240,30,NONE,,,,S
8/11/2020,BR-02,3,240,31,NONE,,,,S
8/11/2020,BR-02,3,240,32,SARU,,,,S
8/11/2020,BR-02,3,240,33,SARU,,,,S
8/11/2020,BR-02,3,240,34,NONE,,,,S
8/11/2020,BR-02,3,240,35,SARU,LITTER,,,S
8/11/2020,BR-02,3,240,36,NONE,,,,S
8/11/2020,BR-02,3,240,37,NONE,,,,S
8/11/2020,BR-02,3,240,38,NONE,,,,S
8/11/2020,BR-02,3,240,39,NONE,,,,S
8/11/2020,BR-02,3,240,40,NONE,,,,S
8/11/2020,BR-02,3,240,41,SARU,,,,S
8/11/2020,BR-02,3,240,42,NONE,,,,S
8/11/2020,BR-02,3,240,43,NONE,LITTER,,,S
8/11/2020,BR-02,3,240,44,NONE,,,,S
8/11/2020,BR-02,3,240,45,SARU,,,,S
8/11/2020,BR-02,3,240,46,NONE,,,,S
8/11/2020,BR-02,3,240,47,SARU,,,,S
8/11/2020,BR-02,3,240,48,NONE,,,,S
8/11/2020,BR-02,3,240,49,NONE,,,,S
8/11/2020,BR-02,3,240,50,SARU,,,,S
9/9/2020,BR-03,1,0,1,NONE,LITTER,,,S
9/9/2020,BR-03,1,0,2,DISP,PHRAG,LITTER,,S
9/9/2020,BR-03,1,0,3,DISP,LITTER,,,S
9/9/2020,BR-03,1,0,4,DISP,LITTER,,,S
9/9/2020,BR-03,1,0,5,DISP,LITTER,,,S
9/9/2020,BR-03,1,0,6,PHRAG,LITTER,,,S
9/9/2020,BR-03,1,0,7,PHRAG,LITTER,,,S
9/9/2020,BR-03,1,0,8,NONE,LITTER,,,S
9/9/2020,BR-03,1,0,9,NONE,LITTER,,,S
9/9/2020,BR-03,1,0,10,NONE,LITTER,,,S
9/9/2020,BR-03,1,0,11,NONE,LITTER,,,S
9/9/2020,BR-03,1,0,12,NONE,LITTER,,,S
9/9/2020,BR-03,1,0,13,NONE,LITTER,,,S
9/9/2020,BR-03,1,0,14,NONE,LITTER,,,S
9/9/2020,BR-03,1,0,15,DISP,LITTER,,,S
9/9/2020,BR-03,1,0,16,DISP,LITTER,,,S
9/9/2020,BR-03,1,0,17,NONE,LITTER,,,S
9/9/2020,BR-03,1,0,18,DISP,LITTER,,,S
9/9/2020,BR-03,1,0,19,NONE,LITTER,,,S
9/9/2020,BR-03,1,0,20,NONE,LITTER,,,S
9/9/2020,BR-03,1,0,21,NONE,LITTER,,,S
9/9/2020,BR-03,1,0,22,PHRAG,LITTER,,,S
9/9/2020,BR-03,1,0,23,NONE,LITTER,,,S
9/9/2020,BR-03,1,0,24,PHRAG,LITTER,,,S
9/9/2020,BR-03,1,0,25,PHRAG,LITTER,,,S
9/9/2020,BR-03,1,0,26,NONE,LITTER,,,S
9/9/2020,BR-03,1,0,27,DISP,LITTER,,,S
9/9/2020,BR-03,1,0,28,NONE,LITTER,,,S
9/9/2020,BR-03,1,0,29,NONE,LITTER,,,S
9/9/2020,BR-03,1,0,30,DISP,LITTER,,,S
9/9/2020,BR-03,1,0,31,NONE,LITTER,,,S
9/9/2020,BR-03,1,0,32,DISP,LITTER,,,S
9/9/2020,BR-03,1,0,33,DISP,LITTER,,,S
9/9/2020,BR-03,1,0,34,NONE,LITTER,,,S
9/9/2020,BR-03,1,0,35,DISP,LITTER,,,S
9/9/2020,BR-03,1,0,36,NONE,LITTER,,,S
9/9/2020,BR-03,1,0,37,NONE,LITTER,,,S
9/9/2020,BR-03,1,0,38,DISPNONE,LITTER,,,S
9/9/2020,BR-03,1,0,39,NONE,LITTER,,,S
9/9/2020,BR-03,1,0,40,DISP,LITTER,,,S
9/9/2020,BR-03,1,0,41,DISP,LITTER,,,S
9/9/2020,BR-03,1,0,42,DISP,LITTER,,,S
9/9/2020,BR-03,1,0,43,DISP,LITTER,,,S
9/9/2020,BR-03,1,0,44,DISP,LITTER,,,S
9/9/2020,BR-03,1,0,45,DISP,LITTER,,,S
9/9/2020,BR-03,1,0,46,NONE,LITTER,,,S
9/9/2020,BR-03,1,0,47,DISP,LITTER,,,S
9/9/2020,BR-03,1,0,48,DISP,LITTER,,,S
9/9/2020,BR-03,1,0,49,PHRAG,LITTER,,,S
9/9/2020,BR-03,1,0,50,NONE,LITTER,,,S
9/9/2020,BR-03,2,120,1,NONE,LITTER,,,S
9/9/2020,BR-03,2,120,2,NONE,LITTER,,,S
9/9/2020,BR-03,2,120,3,PHRAG,LITTER,,,S
9/9/2020,BR-03,2,120,4,DISP,LITTER,,,S
9/9/2020,BR-03,2,120,5,NONE,LITTER,,,S
9/9/2020,BR-03,2,120,6,PHRAG,LITTER,,,S
9/9/2020,BR-03,2,120,7,NONE,LITTER,,,S
9/9/2020,BR-03,2,120,8,NONE,LITTER,,,S
9/9/2020,BR-03,2,120,9,DISP,LITTER,,,S
9/9/2020,BR-03,2,120,10,NONE,LITTER,,,S
9/9/2020,BR-03,2,120,11,PHRAG,DISP,LITTER,,S
9/9/2020,BR-03,2,120,12,NONE,LITTER,,,S
9/9/2020,BR-03,2,120,13,DISP,LITTER,,,S
9/9/2020,BR-03,2,120,14,DISP,LITTER,,,S
9/9/2020,BR-03,2,120,15,DISP,LITTER,,,S
9/9/2020,BR-03,2,120,16,NONE,LITTER,,,S
9/9/2020,BR-03,2,120,17,NONE,LITTER,,,S
9/9/2020,BR-03,2,120,18,DISP,LITTER,,,S
9/9/2020,BR-03,2,120,19,DISP,LITTER,,,S
9/9/2020,BR-03,2,120,20,DISP,LITTER,,,S
9/9/2020,BR-03,2,120,21,DISP,LITTER,,,S
9/9/2020,BR-03,2,120,22,NONE,,,,AD
9/9/2020,BR-03,2,120,23,NONE,LITTER,,,S
9/9/2020,BR-03,2,120,24,DISP,LITTER,,,S
9/9/2020,BR-03,2,120,25,NONE,LITTER,,,S
9/9/2020,BR-03,2,120,26,DISP,LITTER,,,S
9/9/2020,BR-03,2,120,27,NONE,LITTER,,,S
9/9/2020,BR-03,2,120,28,NONE,LITTER,,,S
9/9/2020,BR-03,2,120,29,NONE,LITTER,,,S
9/9/2020,BR-03,2,120,30,DISP,LITTER,,,S
9/9/2020,BR-03,2,120,31,DISP,LITTER,,,S
9/9/2020,BR-03,2,120,32,DISP,LITTER,,,S
9/9/2020,BR-03,2,120,33,NONE,LITTER,,,S
9/9/2020,BR-03,2,120,34,PHRAG,DISP,LITTER,,S
9/9/2020,BR-03,2,120,35,NONE,LITTER,,,S
9/9/2020,BR-03,2,120,36,DISP,LITTER,,,S
9/9/2020,BR-03,2,120,37,NONE,LITTER,,,S
9/9/2020,BR-03,2,120,38,NONE,LITTER,,,S
9/9/2020,BR-03,2,120,39,PHRAG,LITTER,,,S
9/9/2020,BR-03,2,120,40,NONE,LITTER,,,S
9/9/2020,BR-03,2,120,41,NONE,LITTER,,,S
9/9/2020,BR-03,2,120,42,NONE,LITTER,,,S
9/9/2020,BR-03,2,120,43,NONE,LITTER,,,S
9/9/2020,BR-03,2,120,44,NONE,LITTER,,,S
9/9/2020,BR-03,2,120,45,NONE,LITTER,,,S
9/9/2020,BR-03,2,120,46,NONE,LITTER,,,S
9/9/2020,BR-03,2,120,47,NONE,LITTER,,,S
9/9/2020,BR-03,2,120,48,NONE,LITTER,,,S
9/9/2020,BR-03,2,120,49,NONE,LITTER,,,S
9/9/2020,BR-03,2,120,50,NONE,LITTER,,,S
9/9/2020,BR-03,3,240,1,DISP,LITTER,,,S
9/9/2020,BR-03,3,240,2,DISP,LITTER,,,S
9/9/2020,BR-03,3,240,3,DISP,LITTER,,,S
9/9/2020,BR-03,3,240,4,NONE,LITTER,,,S
9/9/2020,BR-03,3,240,5,NONE,LITTER,,,S
9/9/2020,BR-03,3,240,6,DISP,LITTER,,,S
9/9/2020,BR-03,3,240,7,DISP,LITTER,,,S
9/9/2020,BR-03,3,240,8,DISP,LITTER,,,S
9/9/2020,BR-03,3,240,9,NONE,LITTER,,,S
9/9/2020,BR-03,3,240,10,NONE,LITTER,,,S
9/9/2020,BR-03,3,240,11,DISP,LITTER,,,S
9/9/2020,BR-03,3,240,12,DISP,LITTER,,,S
9/9/2020,BR-03,3,240,13,DISIP,LITTER,,,S
9/9/2020,BR-03,3,240,14,DISP,LITTER,,,S
9/9/2020,BR-03,3,240,15,DISP,LITTER,,,S
9/9/2020,BR-03,3,240,16,DISP,LITTER,,,S
9/9/2020,BR-03,3,240,17,DISP,LITTER,,,S
9/9/2020,BR-03,3,240,18,DISP,LITTER,,,S
9/9/2020,BR-03,3,240,19,DISP,LITTER,,,S
9/9/2020,BR-03,3,240,20,DISP,LITTER,,,S
9/9/2020,BR-03,3,240,21,DISP,LITTER,,,S
9/9/2020,BR-03,3,240,22,DISP,LITTER,,,S
9/9/2020,BR-03,3,240,23,DISP,LITTER,,,S
9/9/2020,BR-03,3,240,24,NONE,LITTER,,,S
9/9/2020,BR-03,3,240,25,DISP,LITTER,,,S
9/9/2020,BR-03,3,240,26,DISP,LITTER,,,S
9/9/2020,BR-03,3,240,27,DISP,LITTER,,,S
9/9/2020,BR-03,3,240,28,SARU,LITTER,,,S
9/9/2020,BR-03,3,240,29,NONE,LITTER,,,S
9/9/2020,BR-03,3,240,30,DISP,LITTER,,,S
9/9/2020,BR-03,3,240,31,DISP,LITTER,,,S
9/9/2020,BR-03,3,240,32,DISP,LITTER,,,S
9/9/2020,BR-03,3,240,33,DISP,LITTER,,,S
9/9/2020,BR-03,3,240,34,DISP,LITTER,,,S
9/9/2020,BR-03,3,240,35,DISP,LITTER,,,S
9/9/2020,BR-03,3,240,36,NONE,LITTER,,,S
9/9/2020,BR-03,3,240,37,DISP,LITTER,,,S
9/9/2020,BR-03,3,240,38,DISP,LITTER,,,S
9/9/2020,BR-03,3,240,39,NONE,LITTER,,,S
9/9/2020,BR-03,3,240,40,DISP,LITTER,,,S
9/9/2020,BR-03,3,240,41,DISP,LITTER,,,S
9/9/2020,BR-03,3,240,42,DISP,LITTER,,,S
9/9/2020,BR-03,3,240,43,DISP,LITTER,,,S
9/9/2020,BR-03,3,240,44,NONE,LITTER,,,S
9/9/2020,BR-03,3,240,45,NONE,LITTER,,,S
9/9/2020,BR-03,3,240,46,SARU,DISP,LITTER,,S
9/9/2020,BR-03,3,240,47,DISP,LITTER,,,S
9/9/2020,BR-03,3,240,48,DISP,LITTER,,,S
9/9/2020,BR-03,3,240,49,DISP,LITTER,,,S
9/9/2020,BR-03,3,240,50,DISP,LITTER,,,S
8/28/2020,FABA-01,1,0,1,TYPHA,LITTER,,,S
8/28/2020,FABA-01,1,0,2,TYPHA,LITTER,,,S
8/28/2020,FABA-01,1,0,3,TYPHA,LITTER,,,S
8/28/2020,FABA-01,1,0,4,TYPHA,LITTER,,,S
8/28/2020,FABA-01,1,0,5,TYPHA,LITTER,,,S
8/28/2020,FABA-01,1,0,6,TYPHA,LITTER,,,S
8/28/2020,FABA-01,1,0,7,TYPHA,LITTER,,,S
8/28/2020,FABA-01,1,0,8,NONE,LITTER,,,S
8/28/2020,FABA-01,1,0,9,TYPHA,LITTER,,,S
8/28/2020,FABA-01,1,0,10,NONE,LITTER,,,S
8/28/2020,FABA-01,1,0,11,TYPHA,LITTER,,,S
8/28/2020,FABA-01,1,0,12,TYPHA,LITTER,,,S
8/28/2020,FABA-01,1,0,13,TYPHA,LITTER,,,S
8/28/2020,FABA-01,1,0,14,TYPHA,LITTER,,,S
8/28/2020,FABA-01,1,0,15,TYPHA,LITTER,,,S
8/28/2020,FABA-01,1,0,16,TYPHA,LITTER,,,S
8/28/2020,FABA-01,1,0,17,TYPHA,LITTER,,,S
8/28/2020,FABA-01,1,0,18,NONE,LITTER,,,S
8/28/2020,FABA-01,1,0,19,TYPHA,LITTER,,,S
8/28/2020,FABA-01,1,0,20,TYPHA,LITTER,,,S
8/28/2020,FABA-01,1,0,21,TYPHA,LITTER,,,S
8/28/2020,FABA-01,1,0,22,TYPHA,LITTER,,,S
8/28/2020,FABA-01,1,0,23,TYPHA,LITTER,,,S
8/28/2020,FABA-01,1,0,24,TYPHA,LITTER,,,S
8/28/2020,FABA-01,1,0,25,TYPHA,LITTER,,,S
8/28/2020,FABA-01,1,0,26,TYPHA,LITTER,,,S
8/28/2020,FABA-01,1,0,27,TYPHA,LITTER,,,S
8/28/2020,FABA-01,1,0,28,TYPHA,LITTER,,,S
8/28/2020,FABA-01,1,0,29,TYPHA,LITTER,,,S
8/28/2020,FABA-01,1,0,30,TYPHA,LITTER,,,S
8/28/2020,FABA-01,1,0,31,NONE,LITTER,,,S
8/28/2020,FABA-01,1,0,32,NONE,LITTER,,,S
8/28/2020,FABA-01,1,0,33,NONE,LITTER,,,S
8/28/2020,FABA-01,1,0,34,TYPHA,LITTER,,,S
8/28/2020,FABA-01,1,0,35,NONE,LITTER,,,S
8/28/2020,FABA-01,1,0,36,NONE,LITTER,,,S
8/28/2020,FABA-01,1,0,37,NONE,LITTER,,,S
8/28/2020,FABA-01,1,0,38,NONE,LITTER,,,S
8/28/2020,FABA-01,1,0,39,SCAC,LITTER,,,S
8/28/2020,FABA-01,1,0,40,NONE,LITTER,,,S
8/28/2020,FABA-01,1,0,41,NONE,LITTER,,,S
8/28/2020,FABA-01,1,0,42,NONE,LITTER,,,S
8/28/2020,FABA-01,1,0,43,NONE,LITTER,,,S
8/28/2020,FABA-01,1,0,44,NONE,LITTER,,,S
8/28/2020,FABA-01,1,0,45,SCAC,LITTER,,,S
8/28/2020,FABA-01,1,0,46,NONE,LITTER,,,S
8/28/2020,FABA-01,1,0,47,TYPHA,LITTER,,,S
8/28/2020,FABA-01,1,0,48,NON,LITTER,,,S
8/28/2020,FABA-01,1,0,49,TYPHA,LITTER,,,S
8/28/2020,FABA-01,1,0,50,NONE,LITTER,,,S
8/28/2020,FABA-01,2,120,1,NONE,LITTER,,,S
8/28/2020,FABA-01,2,120,2,TYPHA,LITTER,,,S
8/28/2020,FABA-01,2,120,3,TYPHA,LITTER,,,S
8/28/2020,FABA-01,2,120,4,TYPHA,,,,S
8/28/2020,FABA-01,2,120,5,TYPHA,,,,S
8/28/2020,FABA-01,2,120,6,NONE,LITTER,,,S
8/28/2020,FABA-01,2,120,7,TYPHA,LITTER,,,S
8/28/2020,FABA-01,2,120,8,TYPHA,,,,S
8/28/2020,FABA-01,2,120,9,TYPHA,LITTER,,,S
8/28/2020,FABA-01,2,120,10,TYPHA,,,,S
8/28/2020,FABA-01,2,120,11,TYPHA,,,,S
8/28/2020,FABA-01,2,120,12,TYPHA,LITTER,,,S
8/28/2020,FABA-01,2,120,13,TYPHA,LITTER,,,S
8/28/2020,FABA-01,2,120,14,TYPHA,LITTER,,,S
8/28/2020,FABA-01,2,120,15,TYPHA,LITTER,,,S
8/28/2020,FABA-01,2,120,16,NONE,LITTER,,,S
8/28/2020,FABA-01,2,120,17,TYPHA,LITTER,,,S
8/28/2020,FABA-01,2,120,18,TYPHA,LITTER,,,S
8/28/2020,FABA-01,2,120,19,TYPHA,LITTER,,,S
8/28/2020,FABA-01,2,120,20,TYPHA,LITTER,,,S
8/28/2020,FABA-01,2,120,21,TYPHA,LITTER,,,S
8/28/2020,FABA-01,2,120,22,TYPHA,LITTER,,,S
8/28/2020,FABA-01,2,120,23,TYPHA,LITTER,,,S
8/28/2020,FABA-01,2,120,24,TYPHA,LITTER,,,S
8/28/2020,FABA-01,2,120,25,TYPHA,LITTER,,,S
8/28/2020,FABA-01,2,120,26,TYPHA,LITTER,,,S
8/28/2020,FABA-01,2,120,27,NONE,LITTER,,,S
8/28/2020,FABA-01,2,120,28,TYPHA,LITTER,,,S
8/28/2020,FABA-01,2,120,29,TYPHA,,,,S
8/28/2020,FABA-01,2,120,30,TYPHA,,,,S
8/28/2020,FABA-01,2,120,31,NONE,,,,S
8/28/2020,FABA-01,2,120,32,TYPHA,LITTER,,,S
8/28/2020,FABA-01,2,120,33,TYPHA,,,,S
8/28/2020,FABA-01,2,120,34,TYPHA,,,,S
8/28/2020,FABA-01,2,120,35,SCAM,,,,S
8/28/2020,FABA-01,2,120,36,TYPHA,SCAM,LITTER,,S
8/28/2020,FABA-01,2,120,37,NONE,,,,S
8/28/2020,FABA-01,2,120,38,NONE,LITTER,,,S
8/28/2020,FABA-01,2,120,39,TYPHA,LITTER,,,S
8/28/2020,FABA-01,2,120,40,SCAM,LITTER,,,S
8/28/2020,FABA-01,2,120,41,NONE,LITTER,,,S
8/28/2020,FABA-01,2,120,42,SCAM,LITTER,,,S
8/28/2020,FABA-01,2,120,43,SCAM,LITTER,,,S
8/28/2020,FABA-01,2,120,44,SCAM,LITTER,,,S
8/28/2020,FABA-01,2,120,45,SCAM,LITTER,,,S
8/28/2020,FABA-01,2,120,46,SCAM,LITTER,,,S
8/28/2020,FABA-01,2,120,47,SCAM,LITTER,,,S
8/28/2020,FABA-01,2,120,48,SCAM,LITTER,,,S
8/28/2020,FABA-01,2,120,49,SCAM,LITTER,,,S
8/28/2020,FABA-01,2,120,50,SCAM,LITTER,,,S
8/28/2020,FABA-01,3,240,1,TYPHA,LITTER,,,S
8/28/2020,FABA-01,3,240,2,TYPHA,LITTER,,,S
8/28/2020,FABA-01,3,240,3,TYPHA,LITTER,,,S
8/28/2020,FABA-01,3,240,4,TYPHA,LITTER,,,S
8/28/2020,FABA-01,3,240,5,NONE,LITTER,,,S
8/28/2020,FABA-01,3,240,6,TYPHA,LITTER,,,S
8/28/2020,FABA-01,3,240,7,TYPHA,LITTER,,,S
8/28/2020,FABA-01,3,240,8,TYPHA,LITTER,,,S
8/28/2020,FABA-01,3,240,9,NONE,LITTER,,,S
8/28/2020,FABA-01,3,240,10,TYPHA,LITTER,,,S
8/28/2020,FABA-01,3,240,11,TYPHA,LITTER,,,S
8/28/2020,FABA-01,3,240,12,TYPHA,LITTER,,,S
8/28/2020,FABA-01,3,240,13,NONE,LITTER,,,S
8/28/2020,FABA-01,3,240,14,TYPHA,LITTER,,,S
8/28/2020,FABA-01,3,240,15,TYPHA,LITTER,,,S
8/28/2020,FABA-01,3,240,16,TYPHA,LITTER,,,S
8/28/2020,FABA-01,3,240,17,NONE,LITTER,,,S
8/28/2020,FABA-01,3,240,18,TYPHA,LITTER,,,S
8/28/2020,FABA-01,3,240,19,TYPHA,LITTER,,,S
8/28/2020,FABA-01,3,240,20,TYPHA,LITTER,,,S
8/28/2020,FABA-01,3,240,21,NONE,LITTER,,,S
8/28/2020,FABA-01,3,240,22,TYPHA,LITTER,,,S
8/28/2020,FABA-01,3,240,23,TYPHA,LITTER,,,S
8/28/2020,FABA-01,3,240,24,TYPHA,LITTER,,,S
8/28/2020,FABA-01,3,240,25,TYPHA,LITTER,,,S
8/28/2020,FABA-01,3,240,26,TYPHA,LITTER,,,S
8/28/2020,FABA-01,3,240,27,TYPHA,LITTER,,,S
8/28/2020,FABA-01,3,240,28,NONE,,,,S
8/28/2020,FABA-01,3,240,29,TYPHA,LITTER,,,S
8/28/2020,FABA-01,3,240,30,TYPHA,LITTER,,,S
8/28/2020,FABA-01,3,240,31,NONE,,,,S
8/28/2020,FABA-01,3,240,32,TYPHA,,,,S
8/28/2020,FABA-01,3,240,33,TYPHA,LITTER,,,S
8/28/2020,FABA-01,3,240,34,TYPHA,LITTER,,,S
8/28/2020,FABA-01,3,240,35,TYPHA,LITTER,,,S
8/28/2020,FABA-01,3,240,36,TYPHA,LITTER,,,S
8/28/2020,FABA-01,3,240,37,TYPHA,LITTER,,,S
8/28/2020,FABA-01,3,240,38,TYPHA,,,,S
8/28/2020,FABA-01,3,240,39,TYPHA,,,,S
8/28/2020,FABA-01,3,240,40,TYPHA,,,,S
8/28/2020,FABA-01,3,240,41,TYPHA,LITTER,,,S
8/28/2020,FABA-01,3,240,42,TYPHA,LITTER,,,S
8/28/2020,FABA-01,3,240,43,TYPHA,,,,S
8/28/2020,FABA-01,3,240,44,TYPHA,,,,S
8/28/2020,FABA-01,3,240,45,TYPHA,LITTER,,,S
8/28/2020,FABA-01,3,240,46,TYPHA,LITTER,,,S
8/28/2020,FABA-01,3,240,47,TYPHA,LITTER,,,S
8/28/2020,FABA-01,3,240,48,TYPHA,LITTER,,,S
8/28/2020,FABA-01,3,240,49,TYPHA,LITTER,,,S
8/28/2020,FABA-01,3,240,50,TYPHA,LITTER,,,S
9/25/2020,NPDC-02,1,0,1,TYPHA,LITTER,,,S
9/25/2020,NPDC-02,1,0,2,TYPHA,LITTER,,,S
9/25/2020,NPDC-02,1,0,3,TYPHA,LITTER,,,S
9/25/2020,NPDC-02,1,0,4,TYPHA,LITTER,,,S
9/25/2020,NPDC-02,1,0,5,TYPHA,LITTER,,,S
9/25/2020,NPDC-02,1,0,6,NONE,LITTER,,,S
9/25/2020,NPDC-02,1,0,7,NONE,LITTER,,,S
9/25/2020,NPDC-02,1,0,8,TYPHA,LITTER,,,S
9/25/2020,NPDC-02,1,0,9,TYPHA,LITTER,,,S
9/25/2020,NPDC-02,1,0,10,TYPHA,LITTER,,,S
9/25/2020,NPDC-02,1,0,11,TYPHA,LITTER,,,S
9/25/2020,NPDC-02,1,0,12,TYPHA,LITTER,,,S
9/25/2020,NPDC-02,1,0,13,TYPHA,,,,S
9/25/2020,NPDC-02,1,0,14,TYPHA,LITTER,,,S
9/25/2020,NPDC-02,1,0,15,TYPHA,,,,S
9/25/2020,NPDC-02,1,0,16,TYPHA,LITTER,,,S
9/25/2020,NPDC-02,1,0,17,TYPHA,LITTER,,,S
9/25/2020,NPDC-02,1,0,18,TYPHA,LITTER,,,S
9/25/2020,NPDC-02,1,0,19,TYPHA,LITTER,,,S
9/25/2020,NPDC-02,1,0,20,TYPHA,LITTER,,,S
9/25/2020,NPDC-02,1,0,21,TYPHA,LITTER,,,S
9/25/2020,NPDC-02,1,0,22,TYPHA,LITTER,,,S
9/25/2020,NPDC-02,1,0,23,TYPHA,LITTER,,,S
9/25/2020,NPDC-02,1,0,24,TYPHA,LITTER,,,S
9/25/2020,NPDC-02,1,0,25,NONE,LITTER,,,S
9/25/2020,NPDC-02,1,0,26,TYPHA,LITTER,,,S
9/25/2020,NPDC-02,1,0,27,TYPHA,LITTER,,,S
9/25/2020,NPDC-02,1,0,28,TYPHA,LITTER,,,S
9/25/2020,NPDC-02,1,0,29,TYPHA,LITTER,,,S
9/25/2020,NPDC-02,1,0,30,TYPHA,LITTER,,,S
9/25/2020,NPDC-02,1,0,31,TYPHA,LITTER,,,S
9/25/2020,NPDC-02,1,0,32,TYPHA,LITTER,,,S
9/25/2020,NPDC-02,1,0,33,TYPHA,LITTER,,,S
9/25/2020,NPDC-02,1,0,34,TYPHA,LITTER,,,S
9/25/2020,NPDC-02,1,0,35,TYPHA,LITTER,,,S
9/25/2020,NPDC-02,1,0,36,TYPHA,LITTER,,,S
9/25/2020,NPDC-02,1,0,37,TYPHA,LITTER,,,S
9/25/2020,NPDC-02,1,0,38,TYPHA,LITTER,,,S
9/25/2020,NPDC-02,1,0,39,TYPHA,,,,S
9/25/2020,NPDC-02,1,0,40,TYPHA,LITTER,,,S
9/25/2020,NPDC-02,1,0,41,TYPHA,LITTER,,,S
9/25/2020,NPDC-02,1,0,42,TYPHA,LITTER,,,S
9/25/2020,NPDC-02,1,0,43,NONE,LITTER,,,S
9/25/2020,NPDC-02,1,0,44,TYPHA,LITTER,,,S
9/25/2020,NPDC-02,1,0,45,TYPHA,LITTER,,,S
9/25/2020,NPDC-02,1,0,46,TYPHA,,,,S
9/25/2020,NPDC-02,1,0,47,TYPHA,,,,S
9/25/2020,NPDC-02,1,0,48,TYPHA,LITTER,,,S
9/25/2020,NPDC-02,1,0,49,TYPHA,,,,S
9/25/2020,NPDC-02,1,0,50,TYPHA,,,,S
9/25/2020,NPDC-02,2,120,1,SCAC,LITTER,,,S
9/25/2020,NPDC-02,2,120,2,SCAC,LITTER,,,S
9/25/2020,NPDC-02,2,120,3,SCAC,LITTER,,,S
9/25/2020,NPDC-02,2,120,4,SCAC,LITTER,,,S
9/25/2020,NPDC-02,2,120,5,SCAC,LITTER,,,S
9/25/2020,NPDC-02,2,120,6,SCAC,DISP,LITTER,,S
9/25/2020,NPDC-02,2,120,7,SCAC,DISP,LITTER,,S
9/25/2020,NPDC-02,2,120,8,DISP,LITTER,,,S
9/25/2020,NPDC-02,2,120,9,SCAM,DISP,LITTER,,S
9/25/2020,NPDC-02,2,120,10,DISP,LITTER,,,S
9/25/2020,NPDC-02,2,120,11,DISP,LITTER,,,S
9/25/2020,NPDC-02,2,120,12,DISP,LITTER,,,S
9/25/2020,NPDC-02,2,120,13,DISP,LITTER,,,S
9/25/2020,NPDC-02,2,120,14,DISP,LITTER,,,S
9/25/2020,NPDC-02,2,120,15,DISP,LITTER,,,S
9/25/2020,NPDC-02,2,120,16,DISP,LITTER,,,S
9/25/2020,NPDC-02,2,120,17,DISP,LITTER,,,S
9/25/2020,NPDC-02,2,120,18,DISP,LITTER,,,S
9/25/2020,NPDC-02,2,120,19,DISP,LITTER,,,S
9/25/2020,NPDC-02,2,120,20,DISP,LITTER,,,S
9/25/2020,NPDC-02,2,120,21,DISP,LITTER,,,S
9/25/2020,NPDC-02,2,120,22,DISP,LITTER,,,S
9/25/2020,NPDC-02,2,120,23,DISP,LITTER,,,S
9/25/2020,NPDC-02,2,120,24,DISP,LITTER,,,S
9/25/2020,NPDC-02,2,120,25,DISP,LITTER,,,S
9/25/2020,NPDC-02,2,120,26,DISP,LITTER,,,S
9/25/2020,NPDC-02,2,120,27,DISP,LITTER,,,S
9/25/2020,NPDC-02,2,120,28,DISP,LITTER,,,S
9/25/2020,NPDC-02,2,120,29,DISP,LITTER,,,S
9/25/2020,NPDC-02,2,120,30,DISP,LITTER,,,S
9/25/2020,NPDC-02,2,120,31,NONE,LITTER,,,S
9/25/2020,NPDC-02,2,120,32,DISP,SPMA,LITTER,,S
9/25/2020,NPDC-02,2,120,33,DISP,,,,S
9/25/2020,NPDC-02,2,120,34,DISP,LITTER,,,S
9/25/2020,NPDC-02,2,120,35,NONE,LITTER,,,S
9/25/2020,NPDC-02,2,120,36,SPMA,LITTER,,,S
9/25/2020,NPDC-02,2,120,37,DISP,SPMA,LITTER,,S
9/25/2020,NPDC-02,2,120,38,DISP,LITTER,,,S
9/25/2020,NPDC-02,2,120,39,SPMA,LITTER,,,S
9/25/2020,NPDC-02,2,120,40,SPMA,DISP,LITTER,,S
9/25/2020,NPDC-02,2,120,41,DISP,SUCA,LITTER,,S
9/25/2020,NPDC-02,2,120,42,DISP,LITTER,,,S
9/25/2020,NPDC-02,2,120,43,DISP,LITTER,,,S
9/25/2020,NPDC-02,2,120,44,DISP,LITTER,,,S
9/25/2020,NPDC-02,2,120,45,DISP,SPMA,LITTER,,S
9/25/2020,NPDC-02,2,120,46,DISP,LITTER,,,S
9/25/2020,NPDC-02,2,120,47,DSIP,LITTER,,,S
9/25/2020,NPDC-02,2,120,48,DISP,LITTER,,,S
9/25/2020,NPDC-02,2,120,49,SUCA,DISP,LITTER,,S
9/25/2020,NPDC-02,2,120,50,DISP,LITTER,,,S
9/25/2020,NPDC-02,3,240,1,TYPHA,LITTER,,,S
9/25/2020,NPDC-02,3,240,2,TYPHA,LITTER,,,S
9/25/2020,NPDC-02,3,240,3,NONE,LITTER,,,S
9/25/2020,NPDC-02,3,240,4,NONE,LITTER,,,S
9/25/2020,NPDC-02,3,240,5,TYPHA,LITTER,,,S
9/25/2020,NPDC-02,3,240,6,NONE,LITTER,,,S
9/25/2020,NPDC-02,3,240,7,TYPHA,LITTER,,,S
9/25/2020,NPDC-02,3,240,8,TYPHA,LITTER,,,S
9/25/2020,NPDC-02,3,240,9,TYPHA,LITTER,,,S
9/25/2020,NPDC-02,3,240,10,NONE,LITTER,,,S
9/25/2020,NPDC-02,3,240,11,TYPHA,LITTER,,,S
9/25/2020,NPDC-02,3,240,12,NONE,LITTER,,,S
9/25/2020,NPDC-02,3,240,13,NONE,LITTER,,,S
9/25/2020,NPDC-02,3,240,14,PHRAG,TYPHA,LITTER,,S
9/25/2020,NPDC-02,3,240,15,TYPHA,LITTER,,,S
9/25/2020,NPDC-02,3,240,16,PHRAG,SCAC,LITTER,,S
9/25/2020,NPDC-02,3,240,17,TYPHA,LITTER,,,S
9/25/2020,NPDC-02,3,240,18,TYPHA,SCAC,LITTER,,S
9/25/2020,NPDC-02,3,240,19,PHRAG,LITTER,,,S
9/25/2020,NPDC-02,3,240,20,PHRAG,LITTER,,,S
9/25/2020,NPDC-02,3,240,21,PHRAG,LITTER,,,S
9/25/2020,NPDC-02,3,240,22,SCAC,PHRAG,LITTER,,S
9/25/2020,NPDC-02,3,240,23,TYPHA,LITTER,,,S
9/25/2020,NPDC-02,3,240,24,DISP,LITTER,,,S
9/25/2020,NPDC-02,3,240,25,DISP,LITTER,,,S
9/25/2020,NPDC-02,3,240,26,DISP,LITTER,,,S
9/25/2020,NPDC-02,3,240,27,DISP,LITTER,,,S
9/25/2020,NPDC-02,3,240,28,DISP,LITTER,,,S
9/25/2020,NPDC-02,3,240,29,DISP,LITTER,,,S
9/25/2020,NPDC-02,3,240,30,DISP,LITTER,,,S
9/25/2020,NPDC-02,3,240,31,DISP,LITTER,,,S
9/25/2020,NPDC-02,3,240,32,DISP,LITTER,,,S
9/25/2020,NPDC-02,3,240,33,DISP,LITTER,,,S
9/25/2020,NPDC-02,3,240,34,DISP,LITTER,,,S
9/25/2020,NPDC-02,3,240,35,DISP,LITTER,,,S
9/25/2020,NPDC-02,3,240,36,DISP,LITTER,,,S
9/25/2020,NPDC-02,3,240,37,DISP,LITTER,,,S
9/25/2020,NPDC-02,3,240,38,DISP,LITTER,,,S
9/25/2020,NPDC-02,3,240,39,DISP,LITTER,,,S
9/25/2020,NPDC-02,3,240,40,DISP,LITTER,,,S
9/25/2020,NPDC-02,3,240,41,DISP,LITTER,,,S
9/25/2020,NPDC-02,3,240,42,DISP,LITTER,,,S
9/25/2020,NPDC-02,3,240,43,DISP,LITTER,,,S
9/25/2020,NPDC-02,3,240,44,DISP,LITTER,,,S
9/25/2020,NPDC-02,3,240,45,DISP,SUCA,LITTER,,S
9/25/2020,NPDC-02,3,240,46,DISP,LITTER,,,S
9/25/2020,NPDC-02,3,240,47,DISP,LITTER,,,S
9/25/2020,NPDC-02,3,240,48,DISP,LITTER,,,S
9/25/2020,NPDC-02,3,240,49,DISP,LITTER,,,S
9/25/2020,NPDC-02,3,240,50,DISP,BAHY,LITTER,,S
9/25/2020,NPDC-01,1,0,1,PHRAG,LITTER,,,S
9/25/2020,NPDC-01,1,0,2,NONE,LITTER,,,S
9/25/2020,NPDC-01,1,0,3,PHRAG,LITTER,,,S
9/25/2020,NPDC-01,1,0,4,PHRAG,,,,S
9/25/2020,NPDC-01,1,0,5,PHRAG,LITTER,,,S
9/25/2020,NPDC-01,1,0,6,PHRAG,LITTER,,,S
9/25/2020,NPDC-01,1,0,7,NONE,,,,S
9/25/2020,NPDC-01,1,0,8,PHRAG,LITTER,,,S
9/25/2020,NPDC-01,1,0,9,PHRAG,,,,S
9/25/2020,NPDC-01,1,0,10,PHRAG,BOMA,,,S
9/25/2020,NPDC-01,1,0,11,PHRAG,LITTER,,,S
9/25/2020,NPDC-01,1,0,12,PHRAG,LITTER,,,S
9/25/2020,NPDC-01,1,0,13,DISP,LITTER,,,S
9/25/2020,NPDC-01,1,0,14,PHRAG,DISP,LITTER,,S
9/25/2020,NPDC-01,1,0,15,DISP,LITTER,,,S
9/25/2020,NPDC-01,1,0,16,PHRAG,DISP,LITTER,,S
9/25/2020,NPDC-01,1,0,17,DISP,LITTER,,,S
9/25/2020,NPDC-01,1,0,18,PHRAG,DISP,LITTER,,S
9/25/2020,NPDC-01,1,0,19,DISP,,,,S
9/25/2020,NPDC-01,1,0,20,DISP,,,,S
9/25/2020,NPDC-01,1,0,21,DISP,LITTER,,,S
9/25/2020,NPDC-01,1,0,22,DISP,LITTER,,,S
9/25/2020,NPDC-01,1,0,23,DISP,LITTER,,,S
9/25/2020,NPDC-01,1,0,24,SUCA,LITTER,,,S
9/25/2020,NPDC-01,1,0,25,DISP,LITTER,,,S
9/25/2020,NPDC-01,1,0,26,DISP,LITTER,,,S
9/25/2020,NPDC-01,1,0,27,DISP,LITTER,,,S
9/25/2020,NPDC-01,1,0,28,DISP,LITTER,,,S
9/25/2020,NPDC-01,1,0,29,DISP,LITTER,,,S
9/25/2020,NPDC-01,1,0,30,DISP,LITTER,,,S
9/25/2020,NPDC-01,1,0,31,DISP,LITTER,,,S
9/25/2020,NPDC-01,1,0,32,DISP,LITTER,,,S
9/25/2020,NPDC-01,1,0,33,NONE,LITTER,,,S
9/25/2020,NPDC-01,1,0,34,DISP,LITTER,,,S
9/25/2020,NPDC-01,1,0,35,NONE,,,,S
9/25/2020,NPDC-01,1,0,36,DISP,LITTER,,,S
9/25/2020,NPDC-01,1,0,37,NONE,,,,S
9/25/2020,NPDC-01,1,0,38,NONE,LITTER,,,S
9/25/2020,NPDC-01,1,0,39,NONE,,,,S
9/25/2020,NPDC-01,1,0,40,NONE,,,,S
9/25/2020,NPDC-01,1,0,41,DISP,LITTER,,,S
9/25/2020,NPDC-01,1,0,42,DISP,LITTER,,,S
9/25/2020,NPDC-01,1,0,43,DISP,LITTER,,,S
9/25/2020,NPDC-01,1,0,44,DISP,LITTER,,,S
9/25/2020,NPDC-01,1,0,45,DISP,LITTER,,,S
9/25/2020,NPDC-01,1,0,46,DISP,LITTER,,,S
9/25/2020,NPDC-01,1,0,47,DISP,LITTER,,,S
9/25/2020,NPDC-01,1,0,48,DISP,LITTER,,,S
9/25/2020,NPDC-01,1,0,49,DISP,LITTER,,,S
9/25/2020,NPDC-01,1,0,50,DISP,LITTER,,,S
9/25/2020,NPDC-01,2,120,1,TYPHA,LITTER,,,S
9/25/2020,NPDC-01,2,120,2,TYPHA,PHRAG,,,S
9/25/2020,NPDC-01,2,120,3,PHRAG,TYPHA,LITTER,,S
9/25/2020,NPDC-01,2,120,4,PHRAG,LITTER,,,S
9/25/2020,NPDC-01,2,120,5,PHRAG,LITTER,,,S
9/25/2020,NPDC-01,2,120,6,PHRAG,LITTER,,,S
9/25/2020,NPDC-01,2,120,7,PHRAG,LITTER,,,S
9/25/2020,NPDC-01,2,120,8,PHRAG,LITTER,,,S
9/25/2020,NPDC-01,2,120,9,PHRAG,TYPHA,LITTER,,S
9/25/2020,NPDC-01,2,120,10,PHRAG,LITTER,,,S
9/25/2020,NPDC-01,2,120,11,PHRAG,LITTER,,,S
9/25/2020,NPDC-01,2,120,12,TYPHA,LITTER,,,S
9/25/2020,NPDC-01,2,120,13,PHRAG,LITTER,,,S
9/25/2020,NPDC-01,2,120,14,PHRAG,LITTER,,,S
9/25/2020,NPDC-01,2,120,15,NONE,LITTER,,,S
9/25/2020,NPDC-01,2,120,16,PHRAG,LITTER,,,S
9/25/2020,NPDC-01,2,120,17,PHRAG,LITTER,,,S
9/25/2020,NPDC-01,2,120,18,PHRAG,LITTER,,,S
9/25/2020,NPDC-01,2,120,19,TYPHA,LITTER,,,S
9/25/2020,NPDC-01,2,120,20,PHRAG,LITTER,,,S
9/25/2020,NPDC-01,2,120,21,TYPHA,LITTER,,,S
9/25/2020,NPDC-01,2,120,22,TYPHA,LITTER,,,S
9/25/2020,NPDC-01,2,120,23,PHRAG,,,,S
9/25/2020,NPDC-01,2,120,24,PHRAG,LITTER,,,S
9/25/2020,NPDC-01,2,120,25,PHRAG,LITTER,,,S
9/25/2020,NPDC-01,2,120,26,PHRAG,LITTER,,,S
9/25/2020,NPDC-01,2,120,27,PHRAG,LITTER,,,S
9/25/2020,NPDC-01,2,120,28,PHRAG,LITTER,,,S
9/25/2020,NPDC-01,2,120,29,PHRAG,,,,S
9/25/2020,NPDC-01,2,120,30,PHRAG,LITTER,,,S
9/25/2020,NPDC-01,2,120,31,PHRAG,TYPHA,LITTER,,S
9/25/2020,NPDC-01,2,120,32,PHRAG,,,,S
9/25/2020,NPDC-01,2,120,33,PHRAG,TYPHA,,,S
9/25/2020,NPDC-01,2,120,34,PHRAG,LITTER,,,S
9/25/2020,NPDC-01,2,120,35,PHRAG,LITTER,,,S
9/25/2020,NPDC-01,2,120,36,TYPHA,,,,S
9/25/2020,NPDC-01,2,120,37,PHRAG,,,,S
9/25/2020,NPDC-01,2,120,38,NONE,LITTER,,,S
9/25/2020,NPDC-01,2,120,39,TYPHA,,,,S
9/25/2020,NPDC-01,2,120,40,TYPHA,LITTER,,,S
9/25/2020,NPDC-01,2,120,41,TYPHA,,,,S
9/25/2020,NPDC-01,2,120,42,TYPHA,LITTER,,,S
9/25/2020,NPDC-01,2,120,43,TYPHA,LITTER,,,S
9/25/2020,NPDC-01,2,120,44,TYPHA,,,,S
9/25/2020,NPDC-01,2,120,45,TYPHA,LITTER,,,S
9/25/2020,NPDC-01,2,120,46,TYPHA,,,,S
9/25/2020,NPDC-01,2,120,47,TYPHA,LITTER,,,S
9/25/2020,NPDC-01,2,120,48,NONE,,,,S
9/25/2020,NPDC-01,2,120,49,NONE,LITTER,,,S
9/25/2020,NPDC-01,2,120,50,TYPHA,,,,S
9/25/2020,NPDC-01,3,240,1,PHRAG,LITTER,,,S
9/25/2020,NPDC-01,3,240,2,TYPHA,LITTER,,,S
9/25/2020,NPDC-01,3,240,3,PHRAG,TYPHA,LITTER,,S
9/25/2020,NPDC-01,3,240,4,PHRAG,LITTER,,,S
9/25/2020,NPDC-01,3,240,5,PHRAG,LITTER,,,S
9/25/2020,NPDC-01,3,240,6,PHRAG,TYPHA,LITTER,,S
9/25/2020,NPDC-01,3,240,7,TYPHA,LITTER,,,S
9/25/2020,NPDC-01,3,240,8,PHRAG,LITTER,,,S
9/25/2020,NPDC-01,3,240,9,TYPHA,LITTER,,,S
9/25/2020,NPDC-01,3,240,10,TYPHA,LITTER,,,S
9/25/2020,NPDC-01,3,240,11,TYPHA,PHRAG,LITTER,,S
9/25/2020,NPDC-01,3,240,12,TYPHA,PHRAG,LITTER,,S
9/25/2020,NPDC-01,3,240,13,TYPHA,LITTER,,,S
9/25/2020,NPDC-01,3,240,14,TYPHA,LITTER,,,S
9/25/2020,NPDC-01,3,240,15,TYPHA,LITTER,,,S
9/25/2020,NPDC-01,3,240,16,TYPHA,LITTER,,,S
9/25/2020,NPDC-01,3,240,17,TYPHA,LITTER,,,S
9/25/2020,NPDC-01,3,240,18,PHRAG,TYPHA,LITTER,,S
9/25/2020,NPDC-01,3,240,19,TYPHA,LITTER,,,S
9/25/2020,NPDC-01,3,240,20,TYPHA,LITTER,,,S
9/25/2020,NPDC-01,3,240,21,TYPHA,LITTER,,,S
9/25/2020,NPDC-01,3,240,22,TYPHA,LITTER,,,S
9/25/2020,NPDC-01,3,240,23,TYPHA,LITTER,,,S
9/25/2020,NPDC-01,3,240,24,TYPHA,LITTER,,,S
9/25/2020,NPDC-01,3,240,25,PHRAG,TYPHA,LITTER,,S
9/25/2020,NPDC-01,3,240,26,TYPHA,LITTER,,,S
9/25/2020,NPDC-01,3,240,27,TYPHA,LITTER,,,S
9/25/2020,NPDC-01,3,240,28,TYPHA,LITTER,,,S
9/25/2020,NPDC-01,3,240,29,TYPHA,LITTER,,,S
9/25/2020,NPDC-01,3,240,30,TYPHA,LITTER,,,S
9/25/2020,NPDC-01,3,240,31,TYPHA,LITTER,,,S
9/25/2020,NPDC-01,3,240,32,TYPHA,PHRAG,LITTER,,S
9/25/2020,NPDC-01,3,240,33,PHRAG,TYPHA,LITTER,,S
9/25/2020,NPDC-01,3,240,34,TYPHA,LITTER,,,S
9/25/2020,NPDC-01,3,240,35,NONE,LITTER,,,S
9/25/2020,NPDC-01,3,240,36,TYPHA,LITTER,,,S
9/25/2020,NPDC-01,3,240,37,TYPHA,LITTER,,,S
9/25/2020,NPDC-01,3,240,38,TYPHA,LITTER,,,S
9/25/2020,NPDC-01,3,240,39,TYPHA,LITTER,,,S
9/25/2020,NPDC-01,3,240,40,TYPHA,LITTER,,,S
9/25/2020,NPDC-01,3,240,41,TYPHA,LITTER,,,S
9/25/2020,NPDC-01,3,240,42,TYPHA,LITTER,,,S
9/25/2020,NPDC-01,3,240,43,TYPHA,LITTER,,,S
9/25/2020,NPDC-01,3,240,44,TYPHA,LITTER,,,S
9/25/2020,NPDC-01,3,240,45,TYPHA,LITTER,,,S
9/25/2020,NPDC-01,3,240,46,TYPHA,LITTER,,,S
9/25/2020,NPDC-01,3,240,47,TYPHA,LITTER,,,S
9/25/2020,NPDC-01,3,240,48,TYPHA,LITTER,,,S
9/25/2020,NPDC-01,3,240,49,TYPHA,LITTER,,,S
9/25/2020,NPDC-01,3,240,50,SCAM,TYPHA,LITTER,,S
8/21/2020,TNC-02,1,0,1,NONE,LITTER,,,S
8/21/2020,TNC-02,1,0,2,NONE,LITTER,,,S
8/21/2020,TNC-02,1,0,3,SCAM,LITTER,,,S
8/21/2020,TNC-02,1,0,4,NONE,LITTER,,,S
8/21/2020,TNC-02,1,0,5,NONE,LITTER,,,S
8/21/2020,TNC-02,1,0,6,NONE,LITTER,,,S
8/21/2020,TNC-02,1,0,7,NONE,LITTER,,,S
8/21/2020,TNC-02,1,0,8,SCAM,LITTER,,,S
8/21/2020,TNC-02,1,0,9,TYPHA,LITTER,,,S
8/21/2020,TNC-02,1,0,10,SCAM,LITTER,,,S
8/21/2020,TNC-02,1,0,11,SCAM,LITTER,,,S
8/21/2020,TNC-02,1,0,12,NONE,LITTER,,,S
8/21/2020,TNC-02,1,0,13,SCAM,LITTER,,,S
8/21/2020,TNC-02,1,0,14,SCAM,LITTER,,,S
8/21/2020,TNC-02,1,0,15,SCAM,LITTER,,,S
8/21/2020,TNC-02,1,0,16,NONE,LITTER,,,S
8/21/2020,TNC-02,1,0,17,SCAM,LITTER,,,S
8/21/2020,TNC-02,1,0,18,ATRIPLEX,LITTER,,,S
8/21/2020,TNC-02,1,0,19,NONE,LITTER,,,S
8/21/2020,TNC-02,1,0,20,SCAM,LITTER,,,AD
8/21/2020,TNC-02,1,0,21,SCAM,LITTER,,,S
8/21/2020,TNC-02,1,0,22,NONE,LITTER,,,S
8/21/2020,TNC-02,1,0,23,NONE,LITTER,,,S
8/21/2020,TNC-02,1,0,24,NONE,LITTER,,,S
8/21/2020,TNC-02,1,0,25,TYPHA,LITTER,,,S
8/21/2020,TNC-02,1,0,26,SCAM,LITTER,,,S
8/21/2020,TNC-02,1,0,27,SCAM,LITTER,,,S
8/21/2020,TNC-02,1,0,28,NONE,LITTER,,,S
8/21/2020,TNC-02,1,0,29,NONE,LITTER,,,S
8/21/2020,TNC-02,1,0,30,ATRIPLEX,LITTER,,,S
8/21/2020,TNC-02,1,0,31,TYPHA,ATRIPLEX,LITTER,,S
8/21/2020,TNC-02,1,0,32,TYPHA,LITTER,,,S
8/21/2020,TNC-02,1,0,33,ATRIPLEX,LITTER,,,S
8/21/2020,TNC-02,1,0,34,SCAM,LITTER,,,S
8/21/2020,TNC-02,1,0,35,RUST,LITTER,,,S
8/21/2020,TNC-02,1,0,36,POMO,LITTER,,,S
8/21/2020,TNC-02,1,0,37,POMO,ATRIPLEX,ELPA,LITTER,S
8/21/2020,TNC-02,1,0,38,RUST,ELPA,LITTER,,S
8/21/2020,TNC-02,1,0,39,ELPA,RUST,LITTER,,S
8/21/2020,TNC-02,1,0,40,ELPA,LITTER,,,S
8/21/2020,TNC-02,1,0,41,TYPHA,LITTER,,,S
8/21/2020,TNC-02,1,0,42,NONE,LITTER,,,S
8/21/2020,TNC-02,1,0,43,POMO,LITTER,,,S
8/21/2020,TNC-02,1,0,44,POPE,ELPA,LITTER,,S
8/21/2020,TNC-02,1,0,45,VEAN AQ,POPE,LITTER,,S
8/21/2020,TNC-02,1,0,46,TYPHA,LITTER,,,S
8/21/2020,TNC-02,1,0,47,ELPA,LITTER,,,S
8/21/2020,TNC-02,1,0,48,ELPA,ATRIPLEX,LITTER,,S
8/21/2020,TNC-02,1,0,49,ELPA,LITTER,,,S
8/21/2020,TNC-02,1,0,50,ELPA,ATRIPLEX,LITTER,,S
8/21/2020,TNC-02,2,120,1,TYPHA,LITTER,,,S
8/21/2020,TNC-02,2,120,2,TYPHA,LITTER,,,S
8/21/2020,TNC-02,2,120,3,TYPHA,PHRAG,LITTER,,S
8/21/2020,TNC-02,2,120,4,TYPHA,LITTER,,,S
8/21/2020,TNC-02,2,120,5,NONE,LITTER,,,S
8/21/2020,TNC-02,2,120,6,TYPHA,LITTER,,,S
8/21/2020,TNC-02,2,120,7,TYPHA,LITTER,,,S
8/21/2020,TNC-02,2,120,8,NONE,LITTER,,,S
8/21/2020,TNC-02,2,120,9,NONE,LITTER,,,S
8/21/2020,TNC-02,2,120,10,TYPHA,LITTER,,,S
8/21/2020,TNC-02,2,120,11,NONE,LITTER,,,S
8/21/2020,TNC-02,2,120,12,NONE,LITTER,,,S
8/21/2020,TNC-02,2,120,13,PHRAG,TYPHA,LITTER,,S
8/21/2020,TNC-02,2,120,14,NONE,LITTER,,,S
8/21/2020,TNC-02,2,120,15,NONE,LITTER,,,S
8/21/2020,TNC-02,2,120,16,PHRAG,LITTER,,,S
8/21/2020,TNC-02,2,120,17,PHRAG,LITTER,,,S
8/21/2020,TNC-02,2,120,18,NONE,LITTER,,,S
8/21/2020,TNC-02,2,120,19,NONE,LITTER,,,S
8/21/2020,TNC-02,2,120,20,TYPHA,LITTER,,,S
8/21/2020,TNC-02,2,120,21,PHRAG,POPE,LITTER,,S
8/21/2020,TNC-02,2,120,22,PHRAG,LITTER,,,S
8/21/2020,TNC-02,2,120,23,PHRAG,LITTER,,,S
8/21/2020,TNC-02,2,120,24,NOE,LITTER,,,S
8/21/2020,TNC-02,2,120,25,PHRAG,LITTER,,,S
8/21/2020,TNC-02,2,120,26,PHRAG,LITTER,,,S
8/21/2020,TNC-02,2,120,27,PHRAG,TYPHA,LITTER,,S
8/21/2020,TNC-02,2,120,28,PHRAG,LITTER,,,S
8/21/2020,TNC-02,2,120,29,PHRAG,TYPHA,LITTER,,S
8/21/2020,TNC-02,2,120,30,TYPHA,PHRAG,LITTER,,S
8/21/2020,TNC-02,2,120,31,PHRAG,LITTER,,,S
8/21/2020,TNC-02,2,120,32,PHRAG,LITTER,,,S
8/21/2020,TNC-02,2,120,33,NONE,LITTER,,,S
8/21/2020,TNC-02,2,120,34,PHRAG,LITTER,,,S
8/21/2020,TNC-02,2,120,35,PHRAG,LITTER,,,S
8/21/2020,TNC-02,2,120,36,NONE,LITTER,,,S
8/21/2020,TNC-02,2,120,37,TYPHA,LITTER,,,S
8/21/2020,TNC-02,2,120,38,TYPHA,LITTER,,,S
8/21/2020,TNC-02,2,120,39,NONE,LITTER,,,S
8/21/2020,TNC-02,2,120,40,TYPHA,LITTER,,,S
8/21/2020,TNC-02,2,120,41,NONE,LITTER,,,S
8/21/2020,TNC-02,2,120,42,NONE,LITTER,,,S
8/21/2020,TNC-02,2,120,43,SCAM,LITTER,,,S
8/21/2020,TNC-02,2,120,44,NONE,LITTER,,,S
8/21/2020,TNC-02,2,120,45,SCAM,LITTER,,,S
8/21/2020,TNC-02,2,120,46,NONE,LITTER,,,S
8/21/2020,TNC-02,2,120,47,NONE,LITTER,,,S
8/21/2020,TNC-02,2,120,48,SCAM,LITTER,,,S
8/21/2020,TNC-02,2,120,49,SCAM,LITTER,,,S
8/21/2020,TNC-02,2,120,50,NONE,LITTER,,,S
8/21/2020,TNC-02,3,240,1,TYPHA,LITTER,,,S
8/21/2020,TNC-02,3,240,2,SCAM,LITTER,,,S
8/21/2020,TNC-02,3,240,3,POPE,LITTER,,,S
8/21/2020,TNC-02,3,240,4,SCAM,LITTER,,,S
8/21/2020,TNC-02,3,240,5,TYPHA,LITTER,,,S
8/21/2020,TNC-02,3,240,6,POPE,LITTER,,,S
8/21/2020,TNC-02,3,240,7,POPE,LITTER,,,S
8/21/2020,TNC-02,3,240,8,POPE,LITTER,,,S
8/21/2020,TNC-02,3,240,9,POPE,LITTER,,,S
8/21/2020,TNC-02,3,240,10,POPE,LITTER,,,S
8/21/2020,TNC-02,3,240,11,NONE,LITTER,,,S
8/21/2020,TNC-02,3,240,12,NONE,LITTER,,,S
8/21/2020,TNC-02,3,240,13,TYPHA,LITTER,,,S
8/21/2020,TNC-02,3,240,14,NONE,LITTER,,,S
8/21/2020,TNC-02,3,240,15,NONE,LITTER,,,S
8/21/2020,TNC-02,3,240,16,TYPHA,LITTER,,,S
8/21/2020,TNC-02,3,240,17,NONE,LITTER,,,S
8/21/2020,TNC-02,3,240,18,NONE,LITTER,,,S
8/21/2020,TNC-02,3,240,19,NONE,LITTER,,,S
8/21/2020,TNC-02,3,240,20,TYPHA,LITTER,,,S
8/21/2020,TNC-02,3,240,21,POPE,LITTER,,,S
8/21/2020,TNC-02,3,240,22,NONE,LITTER,,,S
8/21/2020,TNC-02,3,240,23,TYPHA,LITTER,,,S
8/21/2020,TNC-02,3,240,24,NONE,LITTER,,,S
8/21/2020,TNC-02,3,240,25,TYPHA,POPE,LITTER,,S
8/21/2020,TNC-02,3,240,26,TYPHA,LITTER,,,S
8/21/2020,TNC-02,3,240,27,NONE,LITTER,,,S
8/21/2020,TNC-02,3,240,28,NONE,LITTER,,,S
8/21/2020,TNC-02,3,240,29,NONE,LITTER,,,S
8/21/2020,TNC-02,3,240,30,TYPHA,LITTER,,,S
8/21/2020,TNC-02,3,240,31,NONE,LITTER,,,S
8/21/2020,TNC-02,3,240,32,NONE,LITTER,,,S
8/21/2020,TNC-02,3,240,33,NONE,LITTER,,,S
8/21/2020,TNC-02,3,240,34,NONE,LITTER,,,S
8/21/2020,TNC-02,3,240,35,NONE,LITTER,,,S
8/21/2020,TNC-02,3,240,36,TYPHA,LITTER,,,S
8/21/2020,TNC-02,3,240,37,NONE,LITTER,,,S
8/21/2020,TNC-02,3,240,38,TYPHA,LITTER,,,S
8/21/2020,TNC-02,3,240,39,TYPHA,LITTER,,,S
8/21/2020,TNC-02,3,240,40,TYPHA,LITTER,,,S
8/21/2020,TNC-02,3,240,41,TYPHA,LITTER,,,S
8/21/2020,TNC-02,3,240,42,NONE,LITTER,,,S
8/21/2020,TNC-02,3,240,43,NONE,LITTER,,,S
8/21/2020,TNC-02,3,240,44,NONE,LITTER,,,S
8/21/2020,TNC-02,3,240,45,NONE,LITTER,,,S
8/21/2020,TNC-02,3,240,46,POPE,LITTER,,,S
8/21/2020,TNC-02,3,240,47,NONE,LITTER,,,S
8/21/2020,TNC-02,3,240,48,NONE,LITTER,,,S
8/21/2020,TNC-02,3,240,49,TYPHA,LITTER,,,S
8/21/2020,TNC-02,3,240,50,SCAM,LITTER,,,S
8/19/2020,TNC-01,1,0,1,DISP,CAPR,LITTER,,S
8/19/2020,TNC-01,1,0,2,DISP,LITTER,,,S
8/19/2020,TNC-01,1,0,3,MUAS,LITTER,,,S
8/19/2020,TNC-01,1,0,4,MUAS,EUOC,LITTER,,S
8/19/2020,TNC-01,1,0,5,MUAS,CAPR,LITTER,,S
8/19/2020,TNC-01,1,0,6,CAPR,MUAS,LITTER,,S
8/19/2020,TNC-01,1,0,7,MUAS,CAPR,LITTER,,S
8/19/2020,TNC-01,1,0,8,MUAS,AMAR,LITTER,,S
8/19/2020,TNC-01,1,0,9,DISP,JUAR,LITTER,,S
8/19/2020,TNC-01,1,0,10,JUAR,CAPR,LITTER,,S
8/19/2020,TNC-01,1,0,11,SCAC,POMO,LITTER,,S
8/19/2020,TNC-01,1,0,12,CAPR,POMO,LITTER,,S
8/19/2020,TNC-01,1,0,13,CAPR,EPCI,JUAR,LITTER,S
8/19/2020,TNC-01,1,0,14,SCAC,CAPR,EPCI,LITTER,S
8/19/2020,TNC-01,1,0,15,AMAR,EPCI,SCAC,CAPR/LITTER,S
8/19/2020,TNC-01,1,0,16,EPCI,LITTER,,,S
8/19/2020,TNC-01,1,0,17,LELA,LITTER,,,S
8/19/2020,TNC-01,1,0,18,LELA,LITTER,,,S
8/19/2020,TNC-01,1,0,19,NONE,LITTER,,,S
8/19/2020,TNC-01,1,0,20,SCAC,ATRIPLEX,LITTER,,S
8/19/2020,TNC-01,1,0,21,ATRIPLEX,LITTER,,,S
8/19/2020,TNC-01,1,0,22,ATRIPLEX,LITTER,,,S
8/19/2020,TNC-01,1,0,23,SCAC,ATRIPLEX,LITTER,,S
8/19/2020,TNC-01,1,0,24,ATRIPLEX,LITTER,,,S
8/19/2020,TNC-01,1,0,25,SCAC,ATRIPLEX,LITTER,,S
8/19/2020,TNC-01,1,0,26,SCAC,LITTER,,,S
8/19/2020,TNC-01,1,0,27,SCAC,LITTER,,,S
8/19/2020,TNC-01,1,0,28,SCAC,EPCI,LITTER,,S
8/19/2020,TNC-01,1,0,29,EPCI,SCAC,LITTER,,S
8/19/2020,TNC-01,1,0,30,SCAC,LITTER,,,S
8/19/2020,TNC-01,1,0,31,SCAC,LITTER,,,S
8/19/2020,TNC-01,1,0,32,SCAC,ATRIPLEX,LITTER,,S
8/19/2020,TNC-01,1,0,33,SCAC,ATRIPLEX,LITTER,,S
8/19/2020,TNC-01,1,0,34,UNK GRASS,ATRIPLEX,LITTER,,S
8/19/2020,TNC-01,1,0,35,SCAC,EPCI,LITTER,,S
8/19/2020,TNC-01,1,0,36,SCAC,LITTER,,,S
8/19/2020,TNC-01,1,0,37,SCAC,ATRIPLEX,LITTER,,S
8/19/2020,TNC-01,1,0,38,SCAC,LITTER,,,S
8/19/2020,TNC-01,1,0,39,SCAC,ATRIPLEX,LITTER,,S
8/19/2020,TNC-01,1,0,40,SCAC,EPCI,LITTER,,S
8/19/2020,TNC-01,1,0,41,ATRIPLEX,LITTER,,,S
8/19/2020,TNC-01,1,0,42,NONE,LITTER,,,S
8/19/2020,TNC-01,1,0,43,ATRIPLEX,LITTER,,,S
8/19/2020,TNC-01,1,0,44,NONE,LITTER,,,S
8/19/2020,TNC-01,1,0,45,SCAC,LITTER,,,S
8/19/2020,TNC-01,1,0,46,SCAC,LITTER,,,S
8/19/2020,TNC-01,1,0,47,SCAC,LITTER,,,S
8/19/2020,TNC-01,1,0,48,SCAC,LITTER,,,S
8/19/2020,TNC-01,1,0,49,NONE,LITTER,,,S
8/19/2020,TNC-01,1,0,50,SCAC,ATRIPLEX,LITTER,,S
8/19/2020,TNC-01,2,120,1,MUAS,DISP,JUAR,LITTER,S
8/19/2020,TNC-01,2,120,2,JUAR,PORA,DISP,LITTER,S
8/19/2020,TNC-01,2,120,3,ATRIPLEX,DISP,LITTER,,S
8/19/2020,TNC-01,2,120,4,MUAS,LITTER,,,S
8/19/2020,TNC-01,2,120,5,DISP,LITTER,,,S
8/19/2020,TNC-01,2,120,6,THIN,DISP,LITTER,,S
8/19/2020,TNC-01,2,120,7,DISP,AMAR,LITTER,,S
8/19/2020,TNC-01,2,120,8,DISP,LITTER,,,S
8/19/2020,TNC-01,2,120,9,DISP,AMAR,LITTER,,S
8/19/2020,TNC-01,2,120,10,HOJU,DISP,LITTER,,S
8/19/2020,TNC-01,2,120,11,DISP,LITTER,,,S
8/19/2020,TNC-01,2,120,12,DISP,HOJU,LITTER,,S
8/19/2020,TNC-01,2,120,13,THIN,LITTER,,,S
8/19/2020,TNC-01,2,120,14,MUAS,AMAR,DISP,LITTER,S
8/19/2020,TNC-01,2,120,15,THIN,DISP,LITTER,,S
8/19/2020,TNC-01,2,120,16,DISP,LITTER,,,S
8/19/2020,TNC-01,2,120,17,CAPR,HOJU,LITTER,,S
8/19/2020,TNC-01,2,120,18,CAPR,EUOC,LITTER,,S
8/19/2020,TNC-01,2,120,19,CAPR,,,,S
8/19/2020,TNC-01,2,120,20,CAPR,THIN,LITTER,,S
8/19/2020,TNC-01,2,120,21,DISP,HOJU,LITTER,,S
8/19/2020,TNC-01,2,120,22,HOJU,DISP,LITTER,,S
8/19/2020,TNC-01,2,120,23,DISP,LITTER,,,S
8/19/2020,TNC-01,2,120,24,DISP,LITTER,,,S
8/19/2020,TNC-01,2,120,25,LASE,DISP,LITTER,,S
8/19/2020,TNC-01,2,120,26,DISP,UNK GRASS,LITTER,,S
8/19/2020,TNC-01,2,120,27,CAPR,,,,S
8/19/2020,TNC-01,2,120,28,UNK GRASS,DISP,LITTER,,S
8/19/2020,TNC-01,2,120,29,UNK GRASS,DISP,LITTER,,S
8/19/2020,TNC-01,2,120,30,HOJU,CAPR,LITTER,,S
8/19/2020,TNC-01,2,120,31,HOJU,LITTER,,,S
8/19/2020,TNC-01,2,120,32,HOJU,AMAR,LITTER,,S
8/19/2020,TNC-01,2,120,33,CAPR,HOJU,LITTER,,S
8/19/2020,TNC-01,2,120,34,DISP,CAPR,LITTER,,S
8/19/2020,TNC-01,2,120,35,SCPU,CAPR,LITTER,,S
8/19/2020,TNC-01,2,120,36,MUAS,DISP,LITTER,,S
8/19/2020,TNC-01,2,120,37,SCPU,DISP,LITTER,,S
8/19/2020,TNC-01,2,120,38,UNK GRASS,AMAR,LITTER,,S
8/19/2020,TNC-01,2,120,39,SCPU,JOHU,LITTER,,S
8/19/2020,TNC-01,2,120,40,UNK GRASS,DISP,LITTER,,S
8/19/2020,TNC-01,2,120,41,UNK GRASS,LITTER,,,S
8/19/2020,TNC-01,2,120,42,UNK GRASS,HOJU,LITTER,,S
8/19/2020,TNC-01,2,120,43,JUAR,DISP,LITTER,,S
8/19/2020,TNC-01,2,120,44,THIN,HOJU,LITTER,,S
8/19/2020,TNC-01,2,120,45,THIN,LITTER,,,S
8/19/2020,TNC-01,2,120,46,THIN,LITTER,,,S
8/19/2020,TNC-01,2,120,47,JUAR,LITTER,,,S
8/19/2020,TNC-01,2,120,48,DISP,LITTER,,,S
8/19/2020,TNC-01,2,120,49,TRFR,DISP,LITTER,,S
8/19/2020,TNC-01,2,120,50,THIN,LITTER,,,S
8/19/2020,TNC-01,3,240,1,MUAS,CAPR,LITTER,,S
8/19/2020,TNC-01,3,240,2,MUAS,DISP,LITTER,,S
8/19/2020,TNC-01,3,240,3,MUAS,LITTER,,,S
8/19/2020,TNC-01,3,240,4,CAPR,MUAS,LITTER,,S
8/19/2020,TNC-01,3,240,5,MUAS,LITTER,,,S
8/19/2020,TNC-01,3,240,6,MUAS,CAPR,LITTER,,S
8/19/2020,TNC-01,3,240,7,MUAS,CAPR,LITTER,,S
8/19/2020,TNC-01,3,240,8,MUAS,LITTER,,,S
8/19/2020,TNC-01,3,240,9,MUAS,LITTER,,,S
8/19/2020,TNC-01,3,240,10,DISP,HOJU,LITTER,,S
8/19/2020,TNC-01,3,240,11,CAPR,MUAS,LITTER,,S
8/19/2020,TNC-01,3,240,12,HOJU,CAPR,LITTER,,S
8/19/2020,TNC-01,3,240,13,CAPR,HOJU,LITTER,,S
8/19/2020,TNC-01,3,240,14,DISP,CAPR,LITTER,,S
8/19/2020,TNC-01,3,240,15,MUAS,CAPR,DISP,LITTER,S
8/19/2020,TNC-01,3,240,16,DISP,MUAS,LITTER,,S
8/19/2020,TNC-01,3,240,17,JUAR,MUAS,LITTER,,S
8/19/2020,TNC-01,3,240,18,MUAS,LITTER,,,S
8/19/2020,TNC-01,3,240,19,MUAS,CAPR,JUAR,LITTER,S
8/19/2020,TNC-01,3,240,20,MUAS,LITTER,,,S
8/19/2020,TNC-01,3,240,21,MUAS,LITTER,,,S
8/19/2020,TNC-01,3,240,22,MUAS,LITTER,,,S
8/19/2020,TNC-01,3,240,23,MUAS,LITTER,,,S
8/19/2020,TNC-01,3,240,24,MUAS,CAPR,LITTER,,S
8/19/2020,TNC-01,3,240,25,MUAS,DISP,LITTER,,S
8/19/2020,TNC-01,3,240,26,MUAS,CAPR,LITTER,,S
8/19/2020,TNC-01,3,240,27,MUAS,CAPR,LITTER,,S
8/19/2020,TNC-01,3,240,28,MUAS,DISP,CAPR,LITTER,S
8/19/2020,TNC-01,3,240,29,MUAS,DISP,LITTER,,S
8/19/2020,TNC-01,3,240,30,CAPR,JUAR,LITTER,,S
8/19/2020,TNC-01,3,240,31,CAPR,MUAS,LITTER,,S
8/19/2020,TNC-01,3,240,32,CAPR,LITTER,,,S
8/19/2020,TNC-01,3,240,33,CAPR,MUAS,LITTER,,S
8/19/2020,TNC-01,3,240,34,MUAS,LITTER,,,S
8/19/2020,TNC-01,3,240,35,CAPR,MUAS,LITTER,,S
8/19/2020,TNC-01,3,240,36,MUAS,DISP,LITTER,,S
8/19/2020,TNC-01,3,240,37,DISP,CAPR,LITTER,,S
8/19/2020,TNC-01,3,240,38,CAPR,MUAS,LITTER,,S
8/19/2020,TNC-01,3,240,39,CAPR,MUAS,LITTER,,S
8/19/2020,TNC-01,3,240,40,MUAS,CAPR,LITTER,,S
8/19/2020,TNC-01,3,240,41,DISP,LITTER,,,S
8/19/2020,TNC-01,3,240,42,CAPR,DISP,LITTER,,S
8/19/2020,TNC-01,3,240,43,CAPR,JUAR,LITTER,,S
8/19/2020,TNC-01,3,240,44,DISP,LITTER,,,S
8/19/2020,TNC-01,3,240,45,HOJU,JUAR,LITTER,,S
8/19/2020,TNC-01,3,240,46,AMAR,JUAR,LITTER,,S
8/19/2020,TNC-01,3,240,47,JUAR,LITTER,,,S
8/19/2020,TNC-01,3,240,48,AMAR,JUAR,LITTER,,S
8/19/2020,TNC-01,3,240,49,MEAL,AMAR,JUAR,LITTER,S
8/19/2020,TNC-01,3,240,50,AMAR,JUAR,LITTER,,S
9/18/2020,HS-02,1,0,1,NONE,LITTER,,,S
9/18/2020,HS-02,1,0,2,NONE,LITTER,,,S
9/18/2020,HS-02,1,0,3,ATRIPLEX,LITTER,,,S
9/18/2020,HS-02,1,0,4,NONE,LITTER,,,S
9/18/2020,HS-02,1,0,5,ATRIPLEX,LITTER,,,S
9/18/2020,HS-02,1,0,6,RUMA,LITTER,,,S
9/18/2020,HS-02,1,0,7,RUMA,LITTER,,,S
9/18/2020,HS-02,1,0,8,ATRIPLEX,LITTER,,,S
9/18/2020,HS-02,1,0,9,NONE,LITTER,,,S
9/18/2020,HS-02,1,0,10,RUMA,LITTER,,,S
9/18/2020,HS-02,1,0,11,ATRIPLEX,LITTER,,,S
9/18/2020,HS-02,1,0,12,ATRIPLEX,LITTER,,,S
9/18/2020,HS-02,1,0,13,ATRIPLEX,LITTER,,,S
9/18/2020,HS-02,1,0,14,NONE,LITTER,,,S
9/18/2020,HS-02,1,0,15,NONE,LITTER,,,S
9/18/2020,HS-02,1,0,16,ATRIPLEX,LITTER,,,S
9/18/2020,HS-02,1,0,17,NONE,LITTER,,,S
9/18/2020,HS-02,1,0,18,ATRIPLEX,LITTER,,,S
9/18/2020,HS-02,1,0,19,POMO,LITTER,,,S
9/18/2020,HS-02,1,0,20,ATRIPLEX,LITTER,,,S
9/18/2020,HS-02,1,0,21,NONE,LITTER,,,S
9/18/2020,HS-02,1,0,22,ATRIPLEX,LITTER,,,S
9/18/2020,HS-02,1,0,23,ATRIPLEX,LITTER,,,S
9/18/2020,HS-02,1,0,24,ATRIPLEX,LITTER,,,S
9/18/2020,HS-02,1,0,25,NONE,LITTER,,,S
9/18/2020,HS-02,1,0,26,NONE,LITTER,,,S
9/18/2020,HS-02,1,0,27,NONE,LITTER,,,S
9/18/2020,HS-02,1,0,28,DISP,LITTER,,,S
9/18/2020,HS-02,1,0,29,DISP,LITTER,,,S
9/18/2020,HS-02,1,0,30,DISP,LITTER,,,S
9/18/2020,HS-02,1,0,31,DISP,LITTER,,,S
9/18/2020,HS-02,1,0,32,DISP,LITTER,,,S
9/18/2020,HS-02,1,0,33,NONE,LITTER,,,S
9/18/2020,HS-02,1,0,34,NONE,LITTER,,,S
9/18/2020,HS-02,1,0,35,NONE,LITTER,,,S
9/18/2020,HS-02,1,0,36,ATRIPLEX,,,,S
9/18/2020,HS-02,1,0,37,NONE,LITTER,,,S
9/18/2020,HS-02,1,0,38,NONE,,,,S
9/18/2020,HS-02,1,0,39,NONE,,,,S
9/18/2020,HS-02,1,0,40,NONE,,,,S
9/18/2020,HS-02,1,0,41,NONE,,,,S
9/18/2020,HS-02,1,0,42,NONE,LITTER,,,S
9/18/2020,HS-02,1,0,43,NONE,,,,S
9/18/2020,HS-02,1,0,44,NONE,,,,S
9/18/2020,HS-02,1,0,45,DISP,LITTER,,,S
9/18/2020,HS-02,1,0,46,ATRIPLEX,LITTER,,,S
9/18/2020,HS-02,1,0,47,ATRIPLEX,LITTER,,,S
9/18/2020,HS-02,1,0,48,RUMA,LITTER,,,S
9/18/2020,HS-02,1,0,49,ATRIPLEX,LITTER,,,S
9/18/2020,HS-02,1,0,50,ATRIPLEX,LITTER,,,S
9/18/2020,HS-02,2,120,1,NONE,LITTER,,,S
9/18/2020,HS-02,2,120,2,NONE,LITTER,,,S
9/18/2020,HS-02,2,120,3,NONE,LITTER,,,S
9/18/2020,HS-02,2,120,4,NONE,LITTER,,,S
9/18/2020,HS-02,2,120,5,NONE,LITTER,,,S
9/18/2020,HS-02,2,120,6,NONE,LITTER,,,S
9/18/2020,HS-02,2,120,7,NONE,LITTER,,,S
9/18/2020,HS-02,2,120,8,NONE,LITTER,,,S
9/18/2020,HS-02,2,120,9,NONE,LITTER,,,S
9/18/2020,HS-02,2,120,10,NONE,LITTER,,,S
9/18/2020,HS-02,2,120,11,NONE,LITTER,,,S
9/18/2020,HS-02,2,120,12,NONE,,,,S
9/18/2020,HS-02,2,120,13,NONE,,,,S
9/18/2020,HS-02,2,120,14,DISP,LITTER,,,S
9/18/2020,HS-02,2,120,15,NONE,LITTER,,,S
9/18/2020,HS-02,2,120,16,NONE,,,,S
9/18/2020,HS-02,2,120,17,NONE,,,,S
9/18/2020,HS-02,2,120,18,NONE,,,,S
9/18/2020,HS-02,2,120,19,NONE,,,,S
9/18/2020,HS-02,2,120,20,NONE,,,,S
9/18/2020,HS-02,2,120,21,NONE,,,,S
9/18/2020,HS-02,2,120,22,NONE,LITTER,,,S
9/18/2020,HS-02,2,120,23,NONE,,,,S
9/18/2020,HS-02,2,120,24,NONE,LITTER,,,S
9/18/2020,HS-02,2,120,25,NONE,,,,S
9/18/2020,HS-02,2,120,26,NONE,LITTER,,,S
9/18/2020,HS-02,2,120,27,NONE,LITTER,,,S
9/18/2020,HS-02,2,120,28,ATRIPLEX,LITTER,,,S
9/18/2020,HS-02,2,120,29,NONE,LITTER,,,S
9/18/2020,HS-02,2,120,30,NONE,LITTER,,,S
9/18/2020,HS-02,2,120,31,NONE,LITTER,,,S
9/18/2020,HS-02,2,120,32,ATRIPLEX,LITTER,,,S
9/18/2020,HS-02,2,120,33,ATRIPLEX,LITTER,,,S
9/18/2020,HS-02,2,120,34,HOMA,LITTER,,,S
9/18/2020,HS-02,2,120,35,PUNU,POMO,LITTER,,S
9/18/2020,HS-02,2,120,36,ATRIPLEX,LITTER,,,S
9/18/2020,HS-02,2,120,37,POMO,LITTER,,,S
9/18/2020,HS-02,2,120,38,NONE,LITTER,,,S
9/18/2020,HS-02,2,120,39,POMO,LITTER,,,S
9/18/2020,HS-02,2,120,40,AP Z,LITTER,,,S
9/18/2020,HS-02,2,120,41,AP Z,LITTER,,,S
9/18/2020,HS-02,2,120,42,ATRIPLEX,LITTER,,,S
9/18/2020,HS-02,2,120,43,NONE,LITTER,,,S
9/18/2020,HS-02,2,120,44,ATRIPLEX,LITTER,,,S
9/18/2020,HS-02,2,120,45,NONE,LITTER,,,S
9/18/2020,HS-02,2,120,46,NONE,LITTER,,,S
9/18/2020,HS-02,2,120,47,NONE,LITTER,,,S
9/18/2020,HS-02,2,120,48,ATRIPLEX,LITTER,,,S
9/18/2020,HS-02,2,120,49,NONE,LITTER,,,S
9/18/2020,HS-02,2,120,50,ATRIPLEX,LITTER,,,S
9/18/2020,HS-02,3,240,1,LEPE,LITTER,,,S
9/18/2020,HS-02,3,240,2,POMO,LITTER,,,S
9/18/2020,HS-02,3,240,3,POMO,ATRIPLEX,LITTER,,S
9/18/2020,HS-02,3,240,4,ATRIPLEX,LITTER,,,S
9/18/2020,HS-02,3,240,5,NONE,LITTER,,,S
9/18/2020,HS-02,3,240,6,RUMA,LITTER,,,S
9/18/2020,HS-02,3,240,7,NONE,LITTER,,,S
9/18/2020,HS-02,3,240,8,NONE,LITTER,,,S
9/18/2020,HS-02,3,240,9,NONE,LITTER,,,S
9/18/2020,HS-02,3,240,10,ATRIPLEX,LITTER,,,S
9/18/2020,HS-02,3,240,11,ATRIPLEX,LITTER,,,S
9/18/2020,HS-02,3,240,12,NONE,LITTER,,,S
9/18/2020,HS-02,3,240,13,ATRIPLEX,LITTER,,,S
9/18/2020,HS-02,3,240,14,NONE,LITTER,,,S
9/18/2020,HS-02,3,240,15,ATRIPLEX,LITTER,,,S
9/18/2020,HS-02,3,240,16,ATRIPLEX,LITTER,,,S
9/18/2020,HS-02,3,240,17,NONE,LITTER,,,S
9/18/2020,HS-02,3,240,18,RUMA,LITTER,,,S
9/18/2020,HS-02,3,240,19,POMO,LITTER,,,S
9/18/2020,HS-02,3,240,20,POMO,LITTER,,,S
9/18/2020,HS-02,3,240,21,POMO,LITTER,,,S
9/18/2020,HS-02,3,240,22,NONE,LITTER,,,S
9/18/2020,HS-02,3,240,23,ATRIPLEX,LITTER,,,S
9/18/2020,HS-02,3,240,24,ATRIPLEX,LITTER,,,S
9/18/2020,HS-02,3,240,25,RUMA,LITTER,,,S
9/18/2020,HS-02,3,240,26,NONE,LITTER,,,S
9/18/2020,HS-02,3,240,27,NONE,LITTER,,,S
9/18/2020,HS-02,3,240,28,DISP,LITTER,,,S
9/18/2020,HS-02,3,240,29,DISP,LITTER,,,S
9/18/2020,HS-02,3,240,30,ATRIPLEX,LITTER,,,S
9/18/2020,HS-02,3,240,31,ATRIPLEX,LITTER,,,S
9/18/2020,HS-02,3,240,32,ATRIPLEX,LITTER,,,S
9/18/2020,HS-02,3,240,33,DISP,ATRIPLEX,LITTER,,S
9/18/2020,HS-02,3,240,34,DISP,ATRIPLEX,LITTER,,S
9/18/2020,HS-02,3,240,35,NONE,LITTER,,,S
9/18/2020,HS-02,3,240,36,TYPHA,LITTER,,,S
9/18/2020,HS-02,3,240,37,DISP,LITTER,,,S
9/18/2020,HS-02,3,240,38,NONE,LITTER,,,S
9/18/2020,HS-02,3,240,39,ATRIPLEX,LITTER,,,S
9/18/2020,HS-02,3,240,40,NONE,LITTER,,,S
9/18/2020,HS-02,3,240,41,DISP,LITTER,,,S
9/18/2020,HS-02,3,240,42,NONE,LITTER,,,S
9/18/2020,HS-02,3,240,43,NONE,LITTER,,,S
9/18/2020,HS-02,3,240,44,ATRIPLEX,LITTER,,,S
9/18/2020,HS-02,3,240,45,EPCI,LITTER,,,S
9/18/2020,HS-02,3,240,46,NONE,LITTER,,,S
9/18/2020,HS-02,3,240,47,ATRIPLEX,LITTER,,,S
9/18/2020,HS-02,3,240,48,POMO,LITTER,,,S
9/18/2020,HS-02,3,240,49,ATRIPLEX,LITTER,,,S
9/18/2020,HS-02,3,240,50,ATRIPLEX,LITTER,,,S
8/10/2020,HS-01,1,0,1,SCAM,ELPA,LITTER,,S
8/10/2020,HS-01,1,0,2,SCAM,ELPA,LITTER,,S
8/10/2020,HS-01,1,0,3,POMO,ELPA,,,S
8/10/2020,HS-01,1,0,4,SCAM,ELPA,LITTER,,S
8/10/2020,HS-01,1,0,5,SCAM,ELPA,LITTER,,S
8/10/2020,HS-01,1,0,6,SCAM,ELPA,LITTER,,S
8/10/2020,HS-01,1,0,7,SCAM,LITTER,,,S
8/10/2020,HS-01,1,0,8,SCAM,ELPA,LITTER,,S
8/10/2020,HS-01,1,0,9,SCAM,DISP,LITTER,,S
8/10/2020,HS-01,1,0,10,DISP,SCAM,LITTER,,S
8/10/2020,HS-01,1,0,11,SCAM,DISP,LITTER,,S
8/10/2020,HS-01,1,0,12,NONE,LITTER,,,S
8/10/2020,HS-01,1,0,13,SCAM,DISP,LITTER,,S
8/10/2020,HS-01,1,0,14,PHRAG,DISP,LITTER,,S
8/10/2020,HS-01,1,0,15,SCAM,DISP,LITTER,,S
8/10/2020,HS-01,1,0,16,PUNU,LITTER,,,S
8/10/2020,HS-01,1,0,17,SCAM,,,,S
8/10/2020,HS-01,1,0,18,POMO,,,,S
8/10/2020,HS-01,1,0,19,DISP,LITTER,,,S
8/10/2020,HS-01,1,0,20,DISP,LITTER,,,S
8/10/2020,HS-01,1,0,21,DISP,SCAM,LITTER,,S
8/10/2020,HS-01,1,0,22,DISP,LITTER,,,S
8/10/2020,HS-01,1,0,23,NONE,LITTER,,,S
8/10/2020,HS-01,1,0,24,SCAM,POMO,LITTER,,S
8/10/2020,HS-01,1,0,25,PHRAG,POMO,LITTER,,S
8/10/2020,HS-01,1,0,26,SCAM,POMO,LITTER,,S
8/10/2020,HS-01,1,0,27,SCAM,DISP,LITTER,,S
8/10/2020,HS-01,1,0,28,PUNU,LITTER,,,S
8/10/2020,HS-01,1,0,29,SCAM,ELPA,DISP,LITTER,S
8/10/2020,HS-01,1,0,30,SCAM,LITTER,,,S
8/10/2020,HS-01,1,0,31,SCAM,DISP,LITTER,,S
8/10/2020,HS-01,1,0,32,POMO,LITTER,,,S
8/10/2020,HS-01,1,0,33,SCAM,DISP,LITTER,,S
8/10/2020,HS-01,1,0,34,SCAM,LITTER,,,S
8/10/2020,HS-01,1,0,35,DISP,LITTER,,,S
8/10/2020,HS-01,1,0,36,ELPA,LITTER,,,S
8/10/2020,HS-01,1,0,37,SCAM,LITTER,,,S
8/10/2020,HS-01,1,0,38,SCAM,LITTER,,,S
8/10/2020,HS-01,1,0,39,SCAM,DISP,LITTER,,S
8/10/2020,HS-01,1,0,40,SCAM,PUNU,LITTER,,S
8/10/2020,HS-01,1,0,41,SCAM,ELPA,LITTER,,S
8/10/2020,HS-01,1,0,42,SCAM,DISP,LITTER,,S
8/10/2020,HS-01,1,0,43,SCAM,DISP,LITTER,,S
8/10/2020,HS-01,1,0,44,DISP,ELPA,LITTER,,S
8/10/2020,HS-01,1,0,45,DISP,LITTER,,,S
8/10/2020,HS-01,1,0,46,ELPA,DISP,LITTER,,S
8/10/2020,HS-01,1,0,47,ELPA,TYPHA,LITTER,,S
8/10/2020,HS-01,1,0,48,PHRAG,POMO,ELPA,LITTER,S
8/10/2020,HS-01,1,0,49,SCAM,ELPA,LITTER,,S
8/10/2020,HS-01,1,0,50,SCAM,LITTER,,,S
8/10/2020,HS-01,2,120,1,SCAM,LITTER,,,S
8/10/2020,HS-01,2,120,2,SCAM,POMO,LITTER,,S
8/10/2020,HS-01,2,120,3,SCAM,LITTER,,,S
8/10/2020,HS-01,2,120,4,SCAM,LITTER,,,S
8/10/2020,HS-01,2,120,5,SCAM,LITTER,,,S
8/10/2020,HS-01,2,120,6,POMO,SCAM,LITTER,,S
8/10/2020,HS-01,2,120,7,SCAM,LITTER,,,S
8/10/2020,HS-01,2,120,8,SCAM,LITTER,,,S
8/10/2020,HS-01,2,120,9,SCAM,LITTER,,,S
8/10/2020,HS-01,2,120,10,SCAM,POMO,LITTER,,S
8/10/2020,HS-01,2,120,11,SCAM,ELPA,LITTER,,S
8/10/2020,HS-01,2,120,12,SCAM,ELPA,LITTER,,S
8/10/2020,HS-01,2,120,13,SCAM,LITTER,,,S
8/10/2020,HS-01,2,120,14,SCAM,LITTER,,,S
8/10/2020,HS-01,2,120,15,SCAM,DISP,LITTER,,S
8/10/2020,HS-01,2,120,16,SCAM,DISP,LITTER,,S
8/10/2020,HS-01,2,120,17,SCAM,LITTER,,,S
8/10/2020,HS-01,2,120,18,SCAM,DISP,LITTER,,S
8/10/2020,HS-01,2,120,19,SCAM,PHRAG,ELPA,LITTER,S
8/10/2020,HS-01,2,120,20,SCAM,ELPA,LITTER,,S
8/10/2020,HS-01,2,120,21,SCAM,POMO,LITTER,,S
8/10/2020,HS-01,2,120,22,SCAM,,,,S
8/10/2020,HS-01,2,120,23,SCAM,POMO,,,S
8/10/2020,HS-01,2,120,24,SCAM,LITTER,,,S
8/10/2020,HS-01,2,120,25,SCAM,ELPA,,,S
8/10/2020,HS-01,2,120,26,ELPA,LITTER,,,S
8/10/2020,HS-01,2,120,27,SCAM,ELPA,LITTER,,S
8/10/2020,HS-01,2,120,28,SCAM,ELPA,LITTER,,S
8/10/2020,HS-01,2,120,29,SCAM,ELPA,LITTER,,S
8/10/2020,HS-01,2,120,30,SCAM,ELPA,LITTER,,S
8/10/2020,HS-01,2,120,31,SCAM,ELPA,LITTER,,S
8/10/2020,HS-01,2,120,32,SCAM,ELPA,LITTER,,S
8/10/2020,HS-01,2,120,33,SCAM,ELPA,LITTER,,S
8/10/2020,HS-01,2,120,34,SCAM,ELPA,LITTER,,S
8/10/2020,HS-01,2,120,35,ELPA,SCAM,LITTER,,S
8/10/2020,HS-01,2,120,36,SCAM,ELPA,LITTER,,S
8/10/2020,HS-01,2,120,37,SCAM,ELPA,LITTER,,S
8/10/2020,HS-01,2,120,38,SCAM,ELPA,LITTER,,S
8/10/2020,HS-01,2,120,39,SCAM,ELPA,LITTER,,S
8/10/2020,HS-01,2,120,40,SCAM,POSP,ELPA,LITTER,S
8/10/2020,HS-01,2,120,41,SCAM,ELPA,LITTER,,S
8/10/2020,HS-01,2,120,42,SCAM,POMO,ELPA,LITTER,S
8/10/2020,HS-01,2,120,43,SCAM,ELPA,LITTER,,S
8/10/2020,HS-01,2,120,44,SCAM,ELPA,LITTER,,S
8/10/2020,HS-01,2,120,45,SCAM,ELPA,POMO,LITTER,S
8/10/2020,HS-01,2,120,46,SCAM,POMO,ELPA,LITTER,S
8/10/2020,HS-01,2,120,47,POMO,ELPA,LITTER,,S
8/10/2020,HS-01,2,120,48,POMO,ELPA,LITTER,,S
8/10/2020,HS-01,2,120,49,SCAM,ELPA,LITTER,,S
8/10/2020,HS-01,2,120,50,SCAM,LITTER,,,S
8/10/2020,HS-01,3,240,1,SCAM,POMO,LITTER,,S
8/10/2020,HS-01,3,240,2,SCAM,POMO,LITTER,,S
8/10/2020,HS-01,3,240,3,SCAM,,,,S
8/10/2020,HS-01,3,240,4,SCAM,POMO,LITTER,,S
8/10/2020,HS-01,3,240,5,SCAM,POMO,,,S
8/10/2020,HS-01,3,240,6,ELPA,POMO,LITTER,,S
8/10/2020,HS-01,3,240,7,SCAM,ELPA,POMO,,S
8/10/2020,HS-01,3,240,8,SCAM,POMO,,,S
8/10/2020,HS-01,3,240,9,SCAM,PHRAG,LITTER,,S
8/10/2020,HS-01,3,240,10,SCAM,ELPA,,,S
8/10/2020,HS-01,3,240,11,SCAM,ELPA,LITTER,,S
8/10/2020,HS-01,3,240,12,SCAM,POMO,LITTER,,S
8/10/2020,HS-01,3,240,13,SCAM,,,,S
8/10/2020,HS-01,3,240,14,SCAM,POMO,LITTER,,S
8/10/2020,HS-01,3,240,15,SCAM,ELPA,LITTER,,S
8/10/2020,HS-01,3,240,16,SCAM,POMO,,,S
8/10/2020,HS-01,3,240,17,SCAM,ELPA,LITTER,,S
8/10/2020,HS-01,3,240,18,SCAM,POMO,LITTER,,S
8/10/2020,HS-01,3,240,19,SCAM,ELPA,LITTER,,S
8/10/2020,HS-01,3,240,20,SCAM,ELPA,POMO,LITTER,S
8/10/2020,HS-01,3,240,21,SCAM,ELPA,LITTER,,S
8/10/2020,HS-01,3,240,22,SCAM,ELPA,LITTER,,S
8/10/2020,HS-01,3,240,23,SCAM,LITTER,,,S
8/10/2020,HS-01,3,240,24,SCAM,POMO,LITTER,,S
8/10/2020,HS-01,3,240,25,SCAM,POMO,LITTER,,S
8/10/2020,HS-01,3,240,26,SCAM,POMO,LITTER,,S
8/10/2020,HS-01,3,240,27,SCAM,POMO,,,S
8/10/2020,HS-01,3,240,28,SCAM,POMO,,,S
8/10/2020,HS-01,3,240,29,SCAM,POMO,LITTER,,S
8/10/2020,HS-01,3,240,30,SCAM,POMO,LITTER,,S
8/10/2020,HS-01,3,240,31,SCAM,POMO,LITTER,,S
8/10/2020,HS-01,3,240,32,SCAM,POMO,,,S
8/10/2020,HS-01,3,240,33,PHRAG,SCAM,,,S
8/10/2020,HS-01,3,240,34,SCAM,POMO,LITTER,,S
8/10/2020,HS-01,3,240,35,SCAM,POMO,LITTER,,S
8/10/2020,HS-01,3,240,36,SCAM,POMO,LITTER,,S
8/10/2020,HS-01,3,240,37,SCAM,POMO,LITTER,,S
8/10/2020,HS-01,3,240,38,SCAM,POMO,,,S
8/10/2020,HS-01,3,240,39,SCAM,ELPA,LITTER,,S
8/10/2020,HS-01,3,240,40,SCAM,ELPA,POMO,LITTER,S
8/10/2020,HS-01,3,240,41,SCAM,ELPA,LITTER,,S
8/10/2020,HS-01,3,240,42,SCAM,ELPA,LITTER,,S
8/10/2020,HS-01,3,240,43,SCAM,ELPA,LITTER,,S
8/10/2020,HS-01,3,240,44,SCAM,ELPA,POMO,LITTER,S
8/10/2020,HS-01,3,240,45,SCAM,ELPA,POMO,LITTER,S
8/10/2020,HS-01,3,240,46,SCAM,ELPA,LITTER,,S
8/10/2020,HS-01,3,240,47,SCAM,ELPA,POMO,LITTER,S
8/10/2020,HS-01,3,240,48,SCAM,ELPA,LITTER,,S
8/10/2020,HS-01,3,240,49,SCAM,ELPA,LITTER,,S
8/10/2020,HS-01,3,240,50,SCAM,ELPA,LITTER,,S
8/27/2020,PSG-01,1,0,1,NONE,LITTER,,,S
8/27/2020,PSG-01,1,0,2,SCAM,LITTER,,,S
8/27/2020,PSG-01,1,0,3,DISP,LITTER,,,S
8/27/2020,PSG-01,1,0,4,NONE,LITTER,,,S
8/27/2020,PSG-01,1,0,5,NONE,LITTER,,,S
8/27/2020,PSG-01,1,0,6,SCAM,LITTER,,,S
8/27/2020,PSG-01,1,0,7,NONE,LITTER,,,S
8/27/2020,PSG-01,1,0,8,SCAM,LITTER,,,S
8/27/2020,PSG-01,1,0,9,SCAM,LITTER,,,S
8/27/2020,PSG-01,1,0,10,NONE,LITTER,,,S
8/27/2020,PSG-01,1,0,11,SCAM,LITTER,,,S
8/27/2020,PSG-01,1,0,12,NONE,LITTER,,,S
8/27/2020,PSG-01,1,0,13,SCAM,LITTER,,,S
8/27/2020,PSG-01,1,0,14,NONE,LITTER,,,S
8/27/2020,PSG-01,1,0,15,SCAM,LITTER,,,S
8/27/2020,PSG-01,1,0,16,SCAM,LITTER,,,S
8/27/2020,PSG-01,1,0,17,NONE,LITTER,,,S
8/27/2020,PSG-01,1,0,18,SCAM,LITTER,,,S
8/27/2020,PSG-01,1,0,19,SCAM,LITTER,,,S
8/27/2020,PSG-01,1,0,20,NONE,LITTER,,,S
8/27/2020,PSG-01,1,0,21,SCAM,LITTER,,,S
8/27/2020,PSG-01,1,0,22,SCAM,LITTER,,,S
8/27/2020,PSG-01,1,0,23,SCAM,LITTER,,,S
8/27/2020,PSG-01,1,0,24,NONE,LITTER,,,S
8/27/2020,PSG-01,1,0,25,SCAM,LITTER,,,S
8/27/2020,PSG-01,1,0,26,SCAM,LITTER,,,S
8/27/2020,PSG-01,1,0,27,NONE,LITTER,,,S
8/27/2020,PSG-01,1,0,28,SCAM,LITTER,,,S
8/27/2020,PSG-01,1,0,29,SCAM,LITTER,,,S
8/27/2020,PSG-01,1,0,30,SCAM,LITTER,,,S
8/27/2020,PSG-01,1,0,31,NONE,LITTER,,,S
8/27/2020,PSG-01,1,0,32,SCAM,LITTER,,,S
8/27/2020,PSG-01,1,0,33,NONE,LITTER,,,S
8/27/2020,PSG-01,1,0,34,SCAM,LITTER,,,S
8/27/2020,PSG-01,1,0,35,NONE,LITTER,,,S
8/27/2020,PSG-01,1,0,36,SCAM,LITTER,,,S
8/27/2020,PSG-01,1,0,37,SCAM,LITTER,,,S
8/27/2020,PSG-01,1,0,38,SCAM,LITTER,,,S
8/27/2020,PSG-01,1,0,39,NONE,LITTER,,,S
8/27/2020,PSG-01,1,0,40,NONE,LITTER,,,S
8/27/2020,PSG-01,1,0,41,NONE,LITTER,,,S
8/27/2020,PSG-01,1,0,42,NONE,LITTER,,,S
8/27/2020,PSG-01,1,0,43,NONE,LITTER,,,S
8/27/2020,PSG-01,1,0,44,SCAM,LITTER,,,S
8/27/2020,PSG-01,1,0,45,NONE,LITTER,,,S
8/27/2020,PSG-01,1,0,46,NONE,LITTER,,,S
8/27/2020,PSG-01,1,0,47,SCAM,LITTER,,,S
8/27/2020,PSG-01,1,0,48,NONE,LITTER,,,S
8/27/2020,PSG-01,1,0,49,NONE,LITTER,,,S
8/27/2020,PSG-01,1,0,50,SCAM,LITTER,,,S
8/27/2020,PSG-01,2,120,1,DISP,LITTER,,,S
8/27/2020,PSG-01,2,120,2,SCAM,DISP,LITTER,,S
8/27/2020,PSG-01,2,120,3,SCAM,LITTER,,,S
8/27/2020,PSG-01,2,120,4,SCAM,LITTER,,,S
8/27/2020,PSG-01,2,120,5,SCAM,LITTER,,,S
8/27/2020,PSG-01,2,120,6,DISP,LITTER,,,S
8/27/2020,PSG-01,2,120,7,NONE,LITTER,,,S
8/27/2020,PSG-01,2,120,8,SCAM,LITTER,,,S
8/27/2020,PSG-01,2,120,9,SCAM,DISP,LITTER,,S
8/27/2020,PSG-01,2,120,10,DISP,LITTER,,,S
8/27/2020,PSG-01,2,120,11,DISP,LITTER,,,S
8/27/2020,PSG-01,2,120,12,SCAM,LITTER,,,S
8/27/2020,PSG-01,2,120,13,DISP,LITTER,,,S
8/27/2020,PSG-01,2,120,14,DISP,LITTER,,,S
8/27/2020,PSG-01,2,120,15,DISP,LITTER,,,S
8/27/2020,PSG-01,2,120,16,DISP,LITTER,,,S
8/27/2020,PSG-01,2,120,17,DISP,LITTER,,,S
8/27/2020,PSG-01,2,120,18,DISP,LITTER,,,S
8/27/2020,PSG-01,2,120,19,DISP,LITTER,,,S
8/27/2020,PSG-01,2,120,20,DISP,LITTER,,,S
8/27/2020,PSG-01,2,120,21,DISP,LITTER,,,S
8/27/2020,PSG-01,2,120,22,DISP,LITTER,,,S
8/27/2020,PSG-01,2,120,23,DISP,LITTER,,,S
8/27/2020,PSG-01,2,120,24,DISP,LITTER,,,S
8/27/2020,PSG-01,2,120,25,DISP,LITTER,,,S
8/27/2020,PSG-01,2,120,26,DISP,LITTER,,,S
8/27/2020,PSG-01,2,120,27,DISP,LITTER,,,S
8/27/2020,PSG-01,2,120,28,DISP,LITTER,,,S
8/27/2020,PSG-01,2,120,29,DISP,LITTER,,,S
8/27/2020,PSG-01,2,120,30,DISP,LITTER,,,S
8/27/2020,PSG-01,2,120,31,DISP,LITTER,,,S
8/27/2020,PSG-01,2,120,32,DISP,LITTER,,,S
8/27/2020,PSG-01,2,120,33,SCAM,LITTER,,,S
8/27/2020,PSG-01,2,120,34,DISP,LITTER,,,S
8/27/2020,PSG-01,2,120,35,NONE,LITTER,,,S
8/27/2020,PSG-01,2,120,36,SCAM,LITTER,,,S
8/27/2020,PSG-01,2,120,37,NONE,LITTER,,,S
8/27/2020,PSG-01,2,120,38,SCAM,LITTER,,,S
8/27/2020,PSG-01,2,120,39,NONE,LITTER,,,S
8/27/2020,PSG-01,2,120,40,NONE,LITTER,,,S
8/27/2020,PSG-01,2,120,41,SCAM,LITTER,,,S
8/27/2020,PSG-01,2,120,42,NONE,LITTER,,,S
8/27/2020,PSG-01,2,120,43,SCAM,LITTER,,,S
8/27/2020,PSG-01,2,120,44,NONE,LITTER,,,S
8/27/2020,PSG-01,2,120,45,NONE,LITTER,,,S
8/27/2020,PSG-01,2,120,46,NONE,LITTER,,,S
8/27/2020,PSG-01,2,120,47,NONE,LITTER,,,S
8/27/2020,PSG-01,2,120,48,NONE,LITTER,,,S
8/27/2020,PSG-01,2,120,49,NONE,LITTER,,,S
8/27/2020,PSG-01,2,120,50,SCAM,LITTER,,,S
8/27/2020,PSG-01,3,240,1,SCAM,LITTER,,,S
8/27/2020,PSG-01,3,240,2,DISP,LITTER,,,S
8/27/2020,PSG-01,3,240,3,NONE,LITTER,,,S
8/27/2020,PSG-01,3,240,4,SCAM,LITTER,,,S
8/27/2020,PSG-01,3,240,5,SCAM,LITTER,,,S
8/27/2020,PSG-01,3,240,6,SCAM,LITTER,,,S
8/27/2020,PSG-01,3,240,7,SCAM,LITTER,,,S
8/27/2020,PSG-01,3,240,8,NONE,LITTER,,,S
8/27/2020,PSG-01,3,240,9,NONE,LITTER,,,S
8/27/2020,PSG-01,3,240,10,NONE,LITTER,,,S
8/27/2020,PSG-01,3,240,11,NONE,LITTER,,,S
8/27/2020,PSG-01,3,240,12,SCAM,LITTER,,,S
8/27/2020,PSG-01,3,240,13,SCAM,LITTER,,,S
8/27/2020,PSG-01,3,240,14,SCAM,LITTER,,,S
8/27/2020,PSG-01,3,240,15,SCAM,LITTER,,,S
8/27/2020,PSG-01,3,240,16,SCAM,LITTER,,,S
8/27/2020,PSG-01,3,240,17,SCAM,LITTER,,,S
8/27/2020,PSG-01,3,240,18,SCAM,LITTER,,,S
8/27/2020,PSG-01,3,240,19,NONE,LITTER,,,S
8/27/2020,PSG-01,3,240,20,NONE,LITTER,,,S
8/27/2020,PSG-01,3,240,21,SCAM,LITTER,,,S
8/27/2020,PSG-01,3,240,22,SCAM,LITTER,,,S
8/27/2020,PSG-01,3,240,23,SCAM,LITTER,,,S
8/27/2020,PSG-01,3,240,24,SCAM,LITTER,,,S
8/27/2020,PSG-01,3,240,25,SCAM,LITTER,,,S
8/27/2020,PSG-01,3,240,26,NONE,LITTER,,,S
8/27/2020,PSG-01,3,240,27,NONE,LITTER,,,S
8/27/2020,PSG-01,3,240,28,NONE,LITTER,,,S
8/27/2020,PSG-01,3,240,29,SCAM,LITTER,,,S
8/27/2020,PSG-01,3,240,30,SCAM,LITTER,,,S
8/27/2020,PSG-01,3,240,31,SCAM,LITTER,,,S
8/27/2020,PSG-01,3,240,32,NONE,LITTER,,,S
8/27/2020,PSG-01,3,240,33,SCAM,LITTER,,,S
8/27/2020,PSG-01,3,240,34,SCAM,LITTER,,,S
8/27/2020,PSG-01,3,240,35,SCAM,LITTER,,,S
8/27/2020,PSG-01,3,240,36,NONE,LITTER,,,S
8/27/2020,PSG-01,3,240,37,NONE,LITTER,,,S
8/27/2020,PSG-01,3,240,38,SCAM,LITTER,,,S
8/27/2020,PSG-01,3,240,39,NONE,LITTER,,,S
8/27/2020,PSG-01,3,240,40,SCAM,LITTER,,,S
8/27/2020,PSG-01,3,240,41,SCAM,LITTER,,,S
8/27/2020,PSG-01,3,240,42,SCAM,LITTER,,,S
8/27/2020,PSG-01,3,240,43,SCAM,LITTER,,,S
8/27/2020,PSG-01,3,240,44,NONE,LITTER,,,S
8/27/2020,PSG-01,3,240,45,SCAM,LITTER,,,S
8/27/2020,PSG-01,3,240,46,NONE,LITTER,,,S
8/27/2020,PSG-01,3,240,47,SCAM,LITTER,,,S
8/27/2020,PSG-01,3,240,48,SCAM,LITTER,,,S
8/27/2020,PSG-01,3,240,49,SCAM,LITTER,,,S
8/27/2020,PSG-01,3,240,50,NONE,LITTER,,,S
9/11/2020,BR-05,1,0,1,DISP,UNK FORB,LITTER,,S
9/11/2020,BR-05,1,0,2,BOMA,,,,S
9/11/2020,BR-05,1,0,3,BOMA,LITTER,,,S
9/11/2020,BR-05,1,0,4,DISP,BOMA,LITTER,,S
9/11/2020,BR-05,1,0,5,DISP,,,,S
9/11/2020,BR-05,1,0,6,BOMA,DISP,UNK FORB,LITTER,S
9/11/2020,BR-05,1,0,7,DISP,LITTER,,,S
9/11/2020,BR-05,1,0,8,DISP,LITTER,,,S
9/11/2020,BR-05,1,0,9,DISP,LITTER,,,S
9/11/2020,BR-05,1,0,10,DISP,,,,S
9/11/2020,BR-05,1,0,11,DISP,LITTER,,,S
9/11/2020,BR-05,1,0,12,NONE,LITTER,,,S
9/11/2020,BR-05,1,0,13,DISP,,,,S
9/11/2020,BR-05,1,0,14,DISP,LITTER,,,S
9/11/2020,BR-05,1,0,15,DISP,BOMA,,,S
9/11/2020,BR-05,1,0,16,DISP,LITTER,,,S
9/11/2020,BR-05,1,0,17,DISP,LITTER,,,S
9/11/2020,BR-05,1,0,18,DISP,,,,S
9/11/2020,BR-05,1,0,19,SARU,UNK FORB,,,S
9/11/2020,BR-05,1,0,20,DISP,,,,S
9/11/2020,BR-05,1,0,21,NONE,LITTER,,,S
9/11/2020,BR-05,1,0,22,DISP,,,,S
9/11/2020,BR-05,1,0,23,DISP,LITTER,,,S
9/11/2020,BR-05,1,0,24,SARU,UNK FORB,,,S
9/11/2020,BR-05,1,0,25,UNK FORB,,,,S
9/11/2020,BR-05,1,0,26,PHRAG,LITTER,,,S
9/11/2020,BR-05,1,0,27,PHRAG,LITTER,,,S
9/11/2020,BR-05,1,0,28,PHRAG,,,,S
9/11/2020,BR-05,1,0,29,PHRAG,LITTER,,,S
9/11/2020,BR-05,1,0,30,PHRAG,LITTER,,,S
9/11/2020,BR-05,1,0,31,PHRAG,LITTER,,,S
9/11/2020,BR-05,1,0,32,PHRAG,LITTER,,,S
9/11/2020,BR-05,1,0,33,NONE,LITTER,,,S
9/11/2020,BR-05,1,0,34,PHRAG,LITTER,,,S
9/11/2020,BR-05,1,0,35,PHRAG,LITTER,,,S
9/11/2020,BR-05,1,0,36,PHRAG,LITTER,,,S
9/11/2020,BR-05,1,0,37,PHRAG,LITTER,,,S
9/11/2020,BR-05,1,0,38,NONE,LITTER,,,S
9/11/2020,BR-05,1,0,39,NONE,LITTER,,,S
9/11/2020,BR-05,1,0,40,NONE,LITTER,,,S
9/11/2020,BR-05,1,0,41,PHRAG,LITTER,,,S
9/11/2020,BR-05,1,0,42,NONE,LITTER,,,S
9/11/2020,BR-05,1,0,43,PHRAG,LITTER,,,S
9/11/2020,BR-05,1,0,44,PHRAG,LITTER,,,S
9/11/2020,BR-05,1,0,45,PHRAG,LITTER,,,S
9/11/2020,BR-05,1,0,46,PHRAG,LITTER,,,S
9/11/2020,BR-05,1,0,47,PHRAG,LITTER,,,S
9/11/2020,BR-05,1,0,48,PHRAG,LITTER,,,S
9/11/2020,BR-05,1,0,49,PHRAG,LITTER,,,S
9/11/2020,BR-05,1,0,50,PHRAG,LITTER,,,S
9/11/2020,BR-05,2,120,1,DISP,LITTER,,,S
9/11/2020,BR-05,2,120,2,BOME,DISP,LITTER,,S
9/11/2020,BR-05,2,120,3,BOME,DISP,LITTER,,S
9/11/2020,BR-05,2,120,4,DISP,LITTER,,,S
9/11/2020,BR-05,2,120,5,BOME,LITTER,,,S
9/11/2020,BR-05,2,120,6,DISP,LITTER,,,S
9/11/2020,BR-05,2,120,7,DISP,SARU,,,S
9/11/2020,BR-05,2,120,8,BOMA,DISP,,,S
9/11/2020,BR-05,2,120,9,DISP,LITTER,,,S
9/11/2020,BR-05,2,120,10,DISP,LITTER,,,S
9/11/2020,BR-05,2,120,11,DISP,LITTER,,,S
9/11/2020,BR-05,2,120,12,BOMA,DISP,,,S
9/11/2020,BR-05,2,120,13,DISP,LITTER,,,S
9/11/2020,BR-05,2,120,14,DISP,,,,S
9/11/2020,BR-05,2,120,15,DISP,LITTER,,,S
9/11/2020,BR-05,2,120,16,DISP,UNK FORB,LITTER,,S
9/11/2020,BR-05,2,120,17,DISP,LITTER,,,S
9/11/2020,BR-05,2,120,18,DISP,LITTER,,,S
9/11/2020,BR-05,2,120,19,BOMA,DISP,LITTER,,S
9/11/2020,BR-05,2,120,20,DISP,BOMA,,,S
9/11/2020,BR-05,2,120,21,DISP,,,,S
9/11/2020,BR-05,2,120,22,DISP,LITTER,,,S
9/11/2020,BR-05,2,120,23,DISP,LITTER,,,S
9/11/2020,BR-05,2,120,24,DISP,LITTER,,,S
9/11/2020,BR-05,2,120,25,DISP,LITTER,,,S
9/11/2020,BR-05,2,120,26,RUST,DISP,LITTER,,S
9/11/2020,BR-05,2,120,27,DISP,LITTER,,,S
9/11/2020,BR-05,2,120,28,DISP,LITTER,,,S
9/11/2020,BR-05,2,120,29,DISP,LITTER,,,S
9/11/2020,BR-05,2,120,30,DISP,LITTER,,,S
9/11/2020,BR-05,2,120,31,DISP,LITTER,,,S
9/11/2020,BR-05,2,120,32,DISP,LITTER,,,S
9/11/2020,BR-05,2,120,33,DISP,,,,S
9/11/2020,BR-05,2,120,34,DISP,LITTER,,,S
9/11/2020,BR-05,2,120,35,DISP,LITTER,,,S
9/11/2020,BR-05,2,120,36,DISP,LITTER,,,S
9/11/2020,BR-05,2,120,37,DISP,LITTER,,,S
9/11/2020,BR-05,2,120,38,DISP,LITTER,,,S
9/11/2020,BR-05,2,120,39,NONE,LITTER,,,S
9/11/2020,BR-05,2,120,40,DISP,LITTER,,,S
9/11/2020,BR-05,2,120,41,DISP,LITTER,,,S
9/11/2020,BR-05,2,120,42,DISP,LITTER,,,S
9/11/2020,BR-05,2,120,43,NONE,LITTER,,,S
9/11/2020,BR-05,2,120,44,PHRAG,DISP,LITTER,,S
9/11/2020,BR-05,2,120,45,PHRAG,DISP,LITTER,,S
9/11/2020,BR-05,2,120,46,PHRAG,LITTER,,,S
9/11/2020,BR-05,2,120,47,PHRAG,DISP,LITTER,,S
9/11/2020,BR-05,2,120,48,NONE,LITTER,,,S
9/11/2020,BR-05,2,120,49,PHRAG,,,,S
9/11/2020,BR-05,2,120,50,NONE,LITTER,,,S
9/11/2020,BR-05,3,240,1,NONE,LITTER,,,S
9/11/2020,BR-05,3,240,2,DISP,LITTER,,,S
9/11/2020,BR-05,3,240,3,DISP,BOMA,LITTER,,S
9/11/2020,BR-05,3,240,4,DISP,LITTER,,,S
9/11/2020,BR-05,3,240,5,DISP,LITTER,,,S
9/11/2020,BR-05,3,240,6,DISP,UNK FORB,BOMA,LITTER,S
9/11/2020,BR-05,3,240,7,UNK FORB,LITTER,,,S
9/11/2020,BR-05,3,240,8,BOMA,DISP,LITTER,,S
9/11/2020,BR-05,3,240,9,BOMA,DISP,LITTER,,S
9/11/2020,BR-05,3,240,10,DISP,LITTER,,,S
9/11/2020,BR-05,3,240,11,DISP,LITTER,,,S
9/11/2020,BR-05,3,240,12,DISP,LITTER,,,S
9/11/2020,BR-05,3,240,13,DISP,LITTER,,,S
9/11/2020,BR-05,3,240,14,NONE,LITTER,,,S
9/11/2020,BR-05,3,240,15,DISP,LITTER,,,S
9/11/2020,BR-05,3,240,16,DISP,LITTER,,,S
9/11/2020,BR-05,3,240,17,DISP,LITTER,,,S
9/11/2020,BR-05,3,240,18,DISP,LITTER,,,S
9/11/2020,BR-05,3,240,19,DISP,LITTER,,,S
9/11/2020,BR-05,3,240,20,DISP,LITTER,,,S
9/11/2020,BR-05,3,240,21,DISP,LITTER,,,S
9/11/2020,BR-05,3,240,22,DISP,LITTER,,,S
9/11/2020,BR-05,3,240,23,DISP,LITTER,,,S
9/11/2020,BR-05,3,240,24,DISP,LITTER,,,S
9/11/2020,BR-05,3,240,25,DISP,LITTER,,,S
9/11/2020,BR-05,3,240,26,DISP,LITTER,,,S
9/11/2020,BR-05,3,240,27,DISP,LITTER,,,S
9/11/2020,BR-05,3,240,28,DISP,UNK FORB,LITTER,,S
9/11/2020,BR-05,3,240,29,DISP,LITTER,,,S
9/11/2020,BR-05,3,240,30,DISP,LITTER,,,S
9/11/2020,BR-05,3,240,31,DISP,LITTER,,,S
9/11/2020,BR-05,3,240,32,DISP,LITTER,,,S
9/11/2020,BR-05,3,240,33,DISP,LITTER,,,S
9/11/2020,BR-05,3,240,34,DISP,LITTER,,,S
9/11/2020,BR-05,3,240,35,DISP,LITTER,,,S
9/11/2020,BR-05,3,240,36,DISP,LITTER,,,S
9/11/2020,BR-05,3,240,37,PUNU,LITTER,,,S
9/11/2020,BR-05,3,240,38,DISP,LITTER,,,S
9/11/2020,BR-05,3,240,39,DISP,LITTER,,,S
9/11/2020,BR-05,3,240,40,DISP,LITTER,,,S
9/11/2020,BR-05,3,240,41,DISP,LITTER,,,S
9/11/2020,BR-05,3,240,42,DISP,LITTER,,,S
9/11/2020,BR-05,3,240,43,PHRAG,DISP,LITTER,,S
9/11/2020,BR-05,3,240,44,LELA,DISP,LITTER,,S
9/11/2020,BR-05,3,240,45,DISP,LITTER,,,S
9/11/2020,BR-05,3,240,46,DISP,SARU,LITTER,,S
9/11/2020,BR-05,3,240,47,PHRAG,DISP,LITTER,,S
9/11/2020,BR-05,3,240,48,PHRAG,LITTER,,,S
9/11/2020,BR-05,3,240,49,DISP,LITTER,,,S
9/11/2020,BR-05,3,240,50,PHRAG,DISP,LITTER,,S
9/9/2020,BR-04,1,0,1,NONE,LITTER,,,S
9/9/2020,BR-04,1,0,2,NONE,LITTER,,,S
9/9/2020,BR-04,1,0,3,DISP,LITTER,,,S
9/9/2020,BR-04,1,0,4,NONE,LITTER,,,S
9/9/2020,BR-04,1,0,5,ELPA,LITTER,,,S
9/9/2020,BR-04,1,0,6,DISP,LITTER,,,S
9/9/2020,BR-04,1,0,7,ELPA,LITTER,,,S
9/9/2020,BR-04,1,0,8,DISP,LITTER,,,S
9/9/2020,BR-04,1,0,9,POMO,LITTER,,,S
9/9/2020,BR-04,1,0,10,DISP,LITTER,,,S
9/9/2020,BR-04,1,0,11,DISP,LITTER,,,S
9/9/2020,BR-04,1,0,12,ELPA,POMO,LITTER,,S
9/9/2020,BR-04,1,0,13,DISP,LITTER,,,S
9/9/2020,BR-04,1,0,14,DISP,ELPA,LITTER,,S
9/9/2020,BR-04,1,0,15,DISP,LITTER,,,S
9/9/2020,BR-04,1,0,16,DISP,LITTER,,,S
9/9/2020,BR-04,1,0,17,DISP,LITTER,,,S
9/9/2020,BR-04,1,0,18,DISP,LITTER,,,S
9/9/2020,BR-04,1,0,19,DISP,LITTER,,,S
9/9/2020,BR-04,1,0,20,NONE,LITTER,,,S
9/9/2020,BR-04,1,0,21,DISP,LITTER,,,S
9/9/2020,BR-04,1,0,22,DISP,ELPA,LITTER,,S
9/9/2020,BR-04,1,0,23,NONE,LITTER,,,S
9/9/2020,BR-04,1,0,24,DISP,LITTER,,,S
9/9/2020,BR-04,1,0,25,POMO,ELPA,LITTER,,S
9/9/2020,BR-04,1,0,26,THIN,DISP,LITTER,,S
9/9/2020,BR-04,1,0,27,UNK BROME,ELPA,LITTER,,S
9/9/2020,BR-04,1,0,28,DISP,LITTER,,,S
9/9/2020,BR-04,1,0,29,DISP,LITTER,,,S
9/9/2020,BR-04,1,0,30,NONE,LITTER,,,S
9/9/2020,BR-04,1,0,31,THIN,ELPA,LITTER,,S
9/9/2020,BR-04,1,0,32,DISP,ELPA,LITTER,,S
9/9/2020,BR-04,1,0,33,DISP,LITTER,,,S
9/9/2020,BR-04,1,0,34,DISP,LITTER,,,S
9/9/2020,BR-04,1,0,35,DISP,ELPA,LITTER,,S
9/9/2020,BR-04,1,0,36,ELPA,LITTER,,,S
9/9/2020,BR-04,1,0,37,ELPA,LITTER,,,S
9/9/2020,BR-04,1,0,38,ELPA,DISP,LITTER,,S
9/9/2020,BR-04,1,0,39,DISP,ELPA,LITTER,,S
9/9/2020,BR-04,1,0,40,ELPA,LITTER,,,S
9/9/2020,BR-04,1,0,41,DISP,ELPA,LITTER,,S
9/9/2020,BR-04,1,0,42,DISP,LITTER,,,S
9/9/2020,BR-04,1,0,43,NONE,,,,AD
9/9/2020,BR-04,1,0,44,UNK BROME,LITTER,,,S
9/9/2020,BR-04,1,0,45,ELPA,UNK BROME,LITTER,,S
9/9/2020,BR-04,1,0,46,ELPA,DISP,LITTER,,S
9/9/2020,BR-04,1,0,47,DISP,LITTER,,,S
9/9/2020,BR-04,1,0,48,DISP,LITTER,,,S
9/9/2020,BR-04,1,0,49,ELPA,LITTER,,,S
9/9/2020,BR-04,1,0,50,DISP,LITTER,,,S
9/9/2020,BR-04,2,120,1,UNK BROME,LITTER,,,S
9/9/2020,BR-04,2,120,2,ELPA,LITTER,,,S
9/9/2020,BR-04,2,120,3,HOJU,LITTER,,,S
9/9/2020,BR-04,2,120,4,NONE,LITTER,,,S
9/9/2020,BR-04,2,120,5,NONE,LITTER,,,S
9/9/2020,BR-04,2,120,6,UNK BROME,LITTER,,,S
9/9/2020,BR-04,2,120,7,ELPA,LITTER,,,S
9/9/2020,BR-04,2,120,8,DISP,LITTER,,,S
9/9/2020,BR-04,2,120,9,DISP,ELPA,LITTER,,S
9/9/2020,BR-04,2,120,10,DISP,LITTER,,,S
9/9/2020,BR-04,2,120,11,DISP,LITTER,,,S
9/9/2020,BR-04,2,120,12,NONE,LITTER,,,S
9/9/2020,BR-04,2,120,13,DISP,AMAR,LITTER,,S
9/9/2020,BR-04,2,120,14,DISP,LITTER,,,S
9/9/2020,BR-04,2,120,15,NONE,LITTER,,,S
9/9/2020,BR-04,2,120,16,ELPA,LITTER,,,S
9/9/2020,BR-04,2,120,17,DISP,ELPA,LITTER,,S
9/9/2020,BR-04,2,120,18,NONE,LITTER,,,S
9/9/2020,BR-04,2,120,19,ELPA,LITTER,,,S
9/9/2020,BR-04,2,120,20,ELPA,LITTER,,,S
9/9/2020,BR-04,2,120,21,ELPA,LITTER,,,S
9/9/2020,BR-04,2,120,22,DISP,LITTER,,,S
9/9/2020,BR-04,2,120,23,NONE,LITTER,,,S
9/9/2020,BR-04,2,120,24,DISP,LITTER,,,S
9/9/2020,BR-04,2,120,25,ELPA,LITTER,,,S
9/9/2020,BR-04,2,120,26,NONE,LITTER,,,S
9/9/2020,BR-04,2,120,27,HOJU,LITTER,,,S
9/9/2020,BR-04,2,120,28,DISP,LITTER,,,S
9/9/2020,BR-04,2,120,29,UNK BROME,DISP,LITTER,,S
9/9/2020,BR-04,2,120,30,ELPA,LITTER,,,S
9/9/2020,BR-04,2,120,31,DISP,LITTER,,,S
9/9/2020,BR-04,2,120,32,DISP,LITTER,,,S
9/9/2020,BR-04,2,120,33,AMAR,ELPA,LITTER,,S
9/9/2020,BR-04,2,120,34,AMAR,LITTER,,,S
9/9/2020,BR-04,2,120,35,DISP,LITTER,,,S
9/9/2020,BR-04,2,120,36,DISP,ELPA,LITTER,,S
9/9/2020,BR-04,2,120,37,DISP,HOJU,LITTER,,S
9/9/2020,BR-04,2,120,38,HOJU,LITTER,,,S
9/9/2020,BR-04,2,120,39,NONE,LITTER,,,S
9/9/2020,BR-04,2,120,40,NONE,LITTER,,,S
9/9/2020,BR-04,2,120,41,ELPA,LITTER,,,S
9/9/2020,BR-04,2,120,42,DISP,LITTER,,,S
9/9/2020,BR-04,2,120,43,ELPA,LITTER,,,S
9/9/2020,BR-04,2,120,44,DISP,LITTER,,,S
9/9/2020,BR-04,2,120,45,DISP,LITTER,,,S
9/9/2020,BR-04,2,120,46,HOJU,DISP,LITTER,,S
9/9/2020,BR-04,2,120,47,HOJU,LITTER,,,S
9/9/2020,BR-04,2,120,48,DISP,LITTER,,,S
9/9/2020,BR-04,2,120,49,DISP,LITTER,,,S
9/9/2020,BR-04,2,120,50,DISP,LITTER,,,S
9/9/2020,BR-04,3,240,1,DISP,LITTER,,,S
9/9/2020,BR-04,3,240,2,DISP,ELPA,LITTER,,S
9/9/2020,BR-04,3,240,3,ELPA,LITTER,,,S
9/9/2020,BR-04,3,240,4,UNK BROME,DISP,LITTER,,S
9/9/2020,BR-04,3,240,5,HOJU,ELPA,LITTER,,S
9/9/2020,BR-04,3,240,6,THIN,DISP,LITTER,,S
9/9/2020,BR-04,3,240,7,DISP,ELPA,LITTER,,S
9/9/2020,BR-04,3,240,8,DISP,LITTER,,,S
9/9/2020,BR-04,3,240,9,DISP,JUAR,LITTER,,S
9/9/2020,BR-04,3,240,10,JUAR,LITTER,,,S
9/9/2020,BR-04,3,240,11,JUAR,LITTER,,,S
9/9/2020,BR-04,3,240,12,JUAR,LITTER,,,S
9/9/2020,BR-04,3,240,13,JUAR,DISP,LITTER,,S
9/9/2020,BR-04,3,240,14,JUAR,LITTER,,,S
9/9/2020,BR-04,3,240,15,JUAR,LITTER,,,S
9/9/2020,BR-04,3,240,16,JUAR,LITTER,,,S
9/9/2020,BR-04,3,240,17,NONE,LITTER,,,S
9/9/2020,BR-04,3,240,18,JUAR,LITTER,,,S
9/9/2020,BR-04,3,240,19,NONE,LITTER,,,S
9/9/2020,BR-04,3,240,20,JUAR,,,,S
9/9/2020,BR-04,3,240,21,NONE,LITTER,,,S
9/9/2020,BR-04,3,240,22,JUAR,LITTER,,,S
9/9/2020,BR-04,3,240,23,NONE,LITTER,,,S
9/9/2020,BR-04,3,240,24,DISP,LITTER,,,S
9/9/2020,BR-04,3,240,25,DISP,LITTER,,,S
9/9/2020,BR-04,3,240,26,DISP,ELPA,LITTER,,S
9/9/2020,BR-04,3,240,27,HOJU,ELPA,LITTER,,S
9/9/2020,BR-04,3,240,28,DISP,LITTER,,,S
9/9/2020,BR-04,3,240,29,DISP,LITTER,,,S
9/9/2020,BR-04,3,240,30,DISP,ELPA,LITTER,,S
9/9/2020,BR-04,3,240,31,POMO,LITTER,,,S
9/9/2020,BR-04,3,240,32,NONE,LITTER,,,S
9/9/2020,BR-04,3,240,33,DISP,PHRAG,ELPA,LITTER,S
9/9/2020,BR-04,3,240,34,NONE,LITTER,,,S
9/9/2020,BR-04,3,240,35,DISP,PHRAG,LITTER,,S
9/9/2020,BR-04,3,240,36,ELPA,LITTER,,,S
9/9/2020,BR-04,3,240,37,POMO,LITTER,,,S
9/9/2020,BR-04,3,240,38,NONE,LITTER,,,S
9/9/2020,BR-04,3,240,39,NONE,LITTER,,,S
9/9/2020,BR-04,3,240,40,PHRAG,LITTER,,,S
9/9/2020,BR-04,3,240,41,PHRAG,,,,S
9/9/2020,BR-04,3,240,42,NONE,LITTER,,,S
9/9/2020,BR-04,3,240,43,PHRAG,LITTER,,,S
9/9/2020,BR-04,3,240,44,PHRAG,LITTER,,,S
9/9/2020,BR-04,3,240,45,NONE,LITTER,,,S
9/9/2020,BR-04,3,240,46,PHRAG,DISP,LITTER,,S
9/9/2020,BR-04,3,240,47,DISP,LITTER,,,S
9/9/2020,BR-04,3,240,48,HOJU,DISP,LITTER,,S
9/9/2020,BR-04,3,240,49,DISP,LITTER,,,S
9/9/2020,BR-04,3,240,50,DISP,LITTER,,,S
